sentenceID,sentenceType,m1,word,m1_relatedness,m2_relatedness,m1_trigram,m2_trigram,unigram
1,pun,lion,lion,0,0,3.25E-05,0.211981,9.62E-06
1,pun,lion,circus,1.377983027,-0.630542589,2.82E-05,2.82E-05,5.69E-06
1,pun,lion,truck,-0.657045944,-0.412135754,6.36E-06,6.36E-06,8.84E-06
1,pun,lion,driver,-1.042229239,0.006942127,0.0283825,0.0283825,4.16E-05
1,pun,lion,refused,-0.803420041,-0.599020207,0.000654927,0.000654927,5.00E-05
1,pun,lion,tow,-0.878076745,-0.226590203,7.02E-06,7.02E-06,3.32E-06
2,pun,tooth,tooth,0,0,8.22E-06,0.00633237,5.14E-06
2,pun,tooth,dentist,1.62355512,-0.565572904,2.27E-05,2.27E-05,4.45E-06
2,pun,tooth,tell,-0.768492084,0.804145346,0.00258572,0.00258572,0.00023301
2,pun,tooth,patient,0.111725948,-0.432490434,0.000173539,0.000173539,6.59E-05
2,pun,tooth,whole,-0.322992663,0.752346196,0.00147051,0.00147051,0.000240294
3,pun,cilia,cilia,0,0,1.55E-07,6.71E-08,2.93E-07
3,pun,cilia,handlebar,-0.820549264,-0.742520611,1.16E-06,1.16E-06,3.41E-07
3,pun,cilia,mustache,-0.010195246,-0.297709011,0.831402,0.831402,5.69E-08
3,pun,cilia,look,-0.923160237,-0.675208967,0.00319111,0.00319111,0.00041849
3,pun,cilia,ridiculous,-0.950474383,1.151378004,0.000685713,0.000685713,1.43E-05
3,pun,cilia,symmetrical,-0.360338435,-0.683703022,1.38E-07,1.38E-07,2.69E-06
3,pun,cilia,eyelashes,-0.040038203,-0.681557747,2.23E-06,2.23E-06,1.36E-06
3,pun,cilia,even,-0.929999881,-0.727122625,0.00095727,0.00095727,0.000706388
4,pun,heir,heir,0,0,0.000247423,3.76E-06,7.75E-06
4,pun,heir,man,0.502701118,1.063789627,0.00439232,0.00439232,0.000473597
4,pun,heir,used,-0.58932926,-0.569021165,0.00107986,0.00107986,0.000527346
4,pun,heir,money,1.381728734,-0.374102282,7.36E-05,7.36E-05,0.000292629
4,pun,heir,inherited,1.404774565,-0.190257313,0.00114214,0.00114214,1.23E-05
4,pun,heir,late,0.17890769,-0.845278073,0.000102507,0.000102507,0.000157232
4,pun,heir,father,0.721817788,-0.413880798,0.0596654,0.0596654,0.000182887
4,pun,heir,put,-0.62358598,-0.378372875,0.000412531,0.000412531,0.000461753
4,pun,heir,addition,-0.382613152,-0.450466895,0.000109647,0.000109647,8.02E-05
4,pun,heir,house,-0.575083639,-0.768492084,0.000857988,0.000857988,0.000395396
4,pun,heir,extension,-0.431374827,0.793788593,3.65E-06,0.000176939,2.82E-05
5,pun,clothing,clothing,0,0,3.22E-05,0.355764,1.72E-05
5,pun,clothing,men's,0.854047774,-0.864343966,1.50E-05,1.50E-05,1.71E-07
5,pun,clothing,wear,1.273718445,-0.628833021,0.000220822,0.000220822,4.04E-05
5,pun,clothing,store,1.517614712,-0.019507567,0.00012587,0.00012587,3.49E-05
5,pun,clothing,opening,-0.389128151,1.277368953,4.96E-06,4.96E-06,6.12E-05
5,pun,clothing,times,-0.535653622,0.429658664,1.45E-05,0.00744207,0.000235099
6,pun,ambiance,ambiance,0,0,5.32E-08,0.000524477,9.75E-08
6,pun,ambiance,paramedic,-0.892589298,0.382651093,5.80E-06,5.80E-06,3.09E-07
6,pun,ambiance,got,-0.57113356,-0.863688194,0.000168127,0.000168127,0.000691414
6,pun,ambiance,new,-0.360169455,-0.906119465,0.0130291,0.0130291,0.000999228
6,pun,ambiance,job,-0.696788693,0.562416838,0.00523224,0.00523224,0.000178196
6,pun,ambiance,chauffeur,-0.314530643,-0.390131783,4.99E-05,4.99E-05,2.09E-06
6,pun,ambiance,driver,-0.543925855,0.841903822,3.28E-05,0.03168,4.16E-05
7,pun,perches,perches,0,0,2.19E-07,3.95E-05,3.33E-07
7,pun,perches,pet,0.543119058,-0.331846317,5.40E-05,5.40E-05,1.13E-05
7,pun,perches,store,-0.725018344,1.273688022,0.000558732,0.000558732,3.49E-05
7,pun,perches,bird,1.191686169,-0.501370858,6.08E-05,6.08E-05,3.11E-05
7,pun,perches,contest,-0.590919012,-0.562537662,4.43E-06,4.43E-06,1.36E-05
7,pun,perches,necessary,-0.823158985,0.120207237,3.20E-05,0.000356732,0.000143307
8,pun,reword,reword,0,0,1.16E-08,0.00187449,1.63E-08
8,pun,reword,pun,-0.071790798,-0.787863724,1.19E-05,1.19E-05,1.02E-06
9,pun,math,math,0,0,7.33E-08,0.000179789,2.60E-07
9,pun,math,rubber,-0.748391508,-0.582838844,0.000242318,0.000242318,1.26E-05
9,pun,math,band,-0.876819151,-0.749418744,0.102191,0.102191,5.37E-05
9,pun,math,pistol,-0.820549264,-0.736901481,1.14E-06,1.14E-06,4.54E-06
9,pun,math,confiscated,-0.577110797,-0.812923943,4.57E-05,4.57E-05,1.73E-06
9,pun,math,algebra,1.85746101,-0.518226951,7.27E-07,7.27E-07,1.52E-06
9,pun,math,class,1.118197093,-0.250535633,5.69E-05,5.69E-05,0.000144006
9,pun,math,weapon,-0.317952911,0.460125844,6.59E-05,6.59E-05,1.57E-05
9,pun,math,disruption,-0.861675739,0.20398117,9.43E-06,2.10E-06,7.06E-06
10,pun,stealer,stealer,0,0,1.49E-09,2.80E-10,2.52E-07
10,pun,stealer,thief,1.548432432,0.538072559,5.60E-05,5.60E-05,5.80E-06
10,pun,stealer,stole,1.694467811,0.789595372,0.0641827,0.0641827,7.29E-06
10,pun,stealer,cutlery,-0.608574651,-0.228020166,9.30E-07,9.30E-07,2.47E-06
10,pun,stealer,leaving,-0.696696471,-0.827171198,0.00178747,0.00178747,7.66E-05
10,pun,stealer,clue,-0.367417642,-0.296696232,9.02E-05,9.02E-05,8.87E-06
10,pun,stealer,called,-0.73993729,-0.835115108,0.00180818,0.00180818,0.00026112
10,pun,stealer,stainless,-0.72768653,-0.09379566,4.62E-06,4.62E-06,2.50E-06
11,pun,wicker,wicker,0,0,8.97E-06,8.18E-05,1.68E-06
11,pun,wicker,getting,-0.802963762,-0.791296213,0.00070527,0.00070527,0.000157378
11,pun,wicker,pranked,-0.945886353,0.291268252,0.00803361,0.00803361,8.13E-09
11,pun,wicker,friends,-0.929679135,-0.555701691,0.00647206,0.00647206,0.000116952
11,pun,wicker,getting,-0.645101213,-0.696201398,0.000115448,0.000115448,0.000157378
11,pun,wicker,hit,-0.818366589,0.114935389,0.000384009,0.000384009,7.79E-05
11,pun,wicker,basket,1.40920629,-0.680156607,0.000285154,0.000285154,1.02E-05
11,pun,wicker,aron,-0.878076745,-0.754020104,0.00247468,0.00247468,1.14E-07
11,pun,wicker,knew,-0.853144038,-0.869254404,0.000160494,0.000160494,0.000193747
11,pun,wicker,sense,-0.674633301,-0.379664444,3.54E-05,0.0290488,0.000171677
11,pun,wicker,humor,-0.696201398,0.643750513,0.0613029,0.0613029,1.06E-07
12,pun,spatial,spatial,0,0,2.92E-06,0.000569495,9.84E-06
12,pun,spatial,aliens,-0.331103175,-0.179464204,2.50E-07,2.50E-07,2.86E-06
12,pun,spatial,lovable,-0.587589366,0.657898682,3.98E-06,3.98E-06,1.18E-06
13,pun,whirled,whirled,0,0,1.61E-07,0.000622365,1.55E-06
13,pun,whirled,astronaut,-0.177755161,1.200440109,0.000107909,0.000107909,7.80E-07
13,pun,whirled,gets,-0.753138191,-0.625352039,5.91E-05,5.91E-05,6.10E-05
13,pun,whirled,take,-0.7778778,-0.602837689,0.00200432,0.00200432,0.000559789
13,pun,whirled,turn,1.733512144,0.32137873,0.00412682,0.00412682,0.000163905
13,pun,whirled,traveler,-0.69952321,1.104669659,4.48E-06,5.68E-06,2.44E-08
14,pun,caesars,caesars,0,0,5.98E-09,2.90E-05,1.71E-07
14,pun,caesars,young,-0.130802016,-0.574533178,0.00380236,0.00380236,0.000260657
14,pun,caesars,boy,-0.347430465,-0.205619209,0.0286134,0.0286134,0.000102507
14,pun,caesars,brutus',1.099729391,-0.870360782,0.00129238,0.00129238,8.13E-09
14,pun,caesars,mother,-0.768492084,-0.804208035,0.000117062,0.000117062,0.000196283
14,pun,caesars,cautioned,-0.903392247,1.588185734,1.64E-05,1.64E-05,1.74E-06
14,pun,caesars,not,-0.787256892,-1.094772876,0.00299536,0.00299536,0.00346259
14,pun,caesars,run,-0.820549264,0.124706242,0.00180346,0.00180346,0.000173262
15,pun,launch,launch,0,0,6.47E-07,1.78E-06,2.52E-05
15,pun,launch,astronauts,1.866736686,-0.695418569,1.02E-07,1.02E-07,7.15E-07
15,pun,launch,like,-0.825180387,-0.335230617,0.000472291,0.000472291,0.001186943
16,pun,bloom,bloom,0,0,1.67E-05,0.000182938,4.41E-06
16,pun,bloom,flower,1.436927181,0.682043181,0.000136395,0.000136395,1.85E-05
16,pun,bloom,show,0.640303692,-0.593808778,0.019026,0.019026,0.000211119
16,pun,bloom,prize,-0.481246649,-0.274261135,0.00137241,0.00137241,2.53E-05
16,pun,bloom,ribbon,-0.507494658,0.79998026,2.43E-06,0.00493645,5.19E-06
17,pun,flea,flea,0,0,1.49E-07,0.0155354,1.44E-06
17,pun,flea,pet,1.178779019,-0.392441284,2.35E-05,2.35E-05,1.13E-05
17,pun,flea,store,-0.30782313,-0.05921709,0.000558732,0.000558732,3.49E-05
17,pun,flea,buy,-0.402777604,0.044471953,7.62E-05,7.62E-05,9.88E-05
17,pun,flea,dog,0.892434215,-0.450559247,7.73E-05,7.73E-05,6.33E-05
17,pun,flea,get,-0.789078325,0.351543999,0.00019186,0.00019186,0.000769103
18,pun,fillings,fillings,0,0,8.53E-08,9.17E-05,1.15E-06
18,pun,fillings,kind,-0.741261606,0.760959289,0.000280833,0.000280833,0.000189024
18,pun,fillings,dentist,1.696305434,-0.227316991,0.000201085,0.000201085,4.45E-06
19,pun,salivation,salivation,0,0,9.66E-08,6.53E-06,1.71E-07
19,pun,salivation,bell,0.318681874,-0.358648754,5.71E-07,5.71E-07,2.62E-05
19,pun,salivation,bark,-0.603036147,-0.518201998,3.60E-06,3.60E-06,4.67E-06
19,pun,salivation,kennel,-0.12174292,-0.852195938,5.75E-07,5.75E-07,1.45E-06
19,pun,salivation,novel,-0.9744652,-0.463107148,0.000451063,0.000451063,3.32E-05
19,pun,salivation,ivan,-0.890851734,-0.855225043,3.35E-09,3.35E-09,4.54E-06
19,pun,salivation,pavlov,0.539515988,0.155029846,0.0430161,0.0430161,9.84E-07
19,pun,salivation,chronicles,-0.658279818,-0.43002334,6.43E-07,6.43E-07,1.19E-06
19,pun,salivation,birth,-0.35454071,0.238622737,0.000129394,0.000129394,4.12E-05
19,pun,salivation,army,0.091829622,0.114838662,4.17E-05,4.30E-06,9.02E-05
20,pun,orifice,orifice,0,0,8.26E-07,0.00143566,4.31E-07
20,pun,orifice,dentists,0.194547375,1.238488039,2.32E-07,2.32E-07,2.38E-06
20,pun,orifice,like,-0.855225043,-0.964779109,0.0142077,0.0142077,0.001186943
20,pun,orifice,hard,-0.497426638,-0.360273011,0.000703352,0.000703352,0.000179481
20,pun,orifice,day,-0.740043375,0.26177945,0.0281796,0.0281796,0.000484189
21,pun,braille,braille,0,0,7.10E-08,4.51E-07,1.03E-06
21,pun,braille,even,-0.801476003,-0.768492084,3.67E-05,3.67E-05,0.000706388
21,pun,braille,ashley,-0.506866596,-0.318165828,0.00274991,0.00274991,8.55E-06
21,pun,braille,blind,1.534468703,-0.999925399,0.000108825,0.000108825,2.45E-05
21,pun,braille,under,-0.9624971,-0.794120045,0.000278334,0.000278334,0.000485685
21,pun,braille,arrest,-0.791296213,1.722882404,0.000540865,0.000540865,1.72E-05
21,pun,braille,still,-0.560659136,-0.84409879,0.00315405,0.00315405,0.000580957
21,pun,braille,hope,-0.622885758,-0.291239755,8.12E-06,8.12E-06,0.000138153
21,pun,braille,out,-0.109953666,1.523096169,0.00285679,0.00285679,0.001586582
22,pun,sperm,sperm,0,0,7.27E-06,2.09E-05,3.45E-06
22,pun,sperm,even,-1.09733531,-1.025309695,3.67E-05,3.67E-05,0.000706388
22,pun,sperm,contributes,-0.395011074,-0.491900541,6.20E-06,6.20E-06,4.36E-06
22,pun,sperm,either,-0.686619962,-0.686796655,8.01E-05,8.01E-05,0.000217281
22,pun,sperm,x,-0.488115664,-1.020847887,2.09E-05,2.09E-05,5.29E-05
22,pun,sperm,y,0.630654036,-0.553105246,0.221515,0.221515,3.07E-05
22,pun,sperm,chromosome,1.240840569,-0.698370281,2.63E-06,2.63E-06,3.57E-06
22,pun,sperm,father,1.214549809,-0.828776304,0.000640227,0.000640227,0.000182887
22,pun,sperm,chooses,-0.782835074,-0.649524509,1.22E-06,1.22E-06,4.79E-06
22,pun,sperm,sex,1.793568014,0.994719349,7.33E-05,7.33E-05,6.60E-05
22,pun,sperm,child,1.20202566,-0.695449385,0.000438705,0.000438705,0.000189301
22,pun,sperm,just,-0.705919562,-0.960892804,0.0136544,0.0136544,0.00101403
22,pun,sperm,moment,-0.456345808,1.80293771,0.000534063,0.000534063,0.000167247
22,pun,sperm,decision,-0.340387368,-0.151593384,4.01E-06,4.01E-06,0.000133243
23,pun,grime,grime,0,0,1.73E-07,0.000589605,9.59E-07
23,pun,grime,children,-0.248805238,-0.807717991,0.00102898,0.00102898,0.000367204
23,pun,grime,eat,-0.463720998,-0.777888144,0.00265646,0.00265646,5.87E-05
23,pun,grime,washing,0.855460814,-1.022932402,0.000134518,0.000134518,2.05E-05
23,pun,grime,hands,0.02573075,-0.192807897,0.282159,0.282159,0.000143745
24,pun,epoch,epoch,0,0,3.15E-07,1.20E-08,1.39E-06
24,pun,epoch,grandparents,-0.140462652,-0.696201398,3.00E-07,3.00E-07,4.45E-06
24,pun,epoch,faces,-0.871854252,0.090758841,3.42E-05,3.42E-05,3.58E-05
24,pun,epoch,full,-0.531953874,-0.489234324,0.000885939,0.000885939,0.000226792
24,pun,epoch,marks,-0.765084941,1.235380646,2.47E-05,0.412343,3.51E-05
25,pun,bonus,bonus,0,0,7.13E-06,8.96E-05,1.11E-05
25,pun,bonus,labored,0.230826751,-0.618125366,1.99E-05,1.99E-05,2.44E-08
25,pun,bonus,hard,-0.605434133,0.961548028,0.00275891,0.00275891,0.000179481
25,pun,bonus,worked,0.085690978,0.160513752,0.000743532,0.000743532,9.96E-05
25,pun,bonus,fingers,-1.042123439,1.111863269,0.000418514,0.000418514,4.40E-05
26,pun,hobbit,hobbit,0,0,1.46E-08,0.00974639,4.71E-07
26,pun,hobbit,keep,-0.657583393,0.253686122,3.02E-05,3.02E-05,0.000216663
26,pun,hobbit,reading,1.472241225,0.019289278,0.000565856,0.000565856,8.60E-05
26,pun,hobbit,the,0.171521965,-1.006811246,0.0283555,0.0283555,0.048626868
26,pun,hobbit,lord,0.082779547,-0.696696471,3.55E-05,3.55E-05,0.000127756
26,pun,hobbit,rings,0.943917597,-0.566546575,2.35E-05,2.35E-05,1.24E-05
26,pun,hobbit,guess,-0.847441127,-0.91851544,0.00735817,0.00735817,2.36E-05
26,pun,hobbit,just,-0.869925117,-0.556870298,0.0124207,0.0124207,0.00101403
26,pun,hobbit,force,-0.660585383,-0.157900287,2.39E-05,2.39E-05,0.000125276
27,pun,screaming,screaming,0,0,2.55E-06,0.000419497,1.09E-05
27,pun,screaming,like,-0.89623195,-0.443944792,0.00051742,0.00051742,0.001186943
27,pun,screaming,latest,-0.768492084,-0.295271219,0.000295892,0.000295892,5.22E-05
27,pun,screaming,horror,1.020541988,0.698420014,0.000129657,0.000129657,1.62E-05
27,pun,screaming,movie,0.240603017,1.034326306,0.00946177,0.00946177,1.44E-05
27,pun,screaming,i've,-0.83289257,-0.90658766,2.20E-07,2.20E-07,4.55E-07
27,pun,screaming,arranged,-0.647822954,-0.404895972,4.59E-05,4.59E-05,3.19E-05
27,pun,screaming,private,-0.851442379,0.524680304,0.000404432,0.000404432,0.000141518
28,pun,ohms,ohms,0,0,2.61E-06,0.0576145,6.18E-07
28,pun,ohms,like,-0.961631853,-0.768492084,0.00051742,0.00051742,0.001186943
28,pun,ohms,stay,-0.712045543,-0.916856701,0.0053027,0.0053027,9.63E-05
28,pun,ohms,current,0.58262646,-0.83483688,9.64E-06,9.64E-06,0.000114229
28,pun,ohms,electrifying,0.982098768,-0.566891594,5.15E-07,5.15E-07,6.02E-07
28,pun,ohms,adventures,-0.756463027,0.709295912,9.92E-06,9.92E-06,4.17E-06
28,pun,ohms,sherlock,-0.558142296,1.716176025,0.00439061,0.00439061,1.63E-06
29,pun,kant,kant,0,0,0.00788452,0.00115221,1.91E-06
29,pun,kant,need,-0.768492084,-0.457669333,0.000108456,0.000108456,0.00044508
29,pun,kant,philosophy,0.594760077,-0.236775461,9.38E-05,9.38E-05,2.77E-05
29,pun,kant,homework,-0.530654244,-0.346031903,1.64E-06,1.64E-06,6.49E-06
29,pun,kant,just,-0.747905517,-0.48257104,0.00139074,0.00139074,0.00101403
30,pun,tamper,tamper,0,0,1.59E-07,0.161604,4.23E-07
30,pun,tamper,barista,-0.321494003,-0.695418569,0.00340529,0.00340529,8.13E-09
30,pun,tamper,not,-0.38436228,-0.883392341,0.021206,0.021206,0.00346259
30,pun,tamper,allowed,-0.639302032,-0.675663486,0.00266571,0.00266571,0.000112798
30,pun,tamper,make,-0.022103465,-0.513919625,0.0147865,0.0147865,0.000621074
30,pun,tamper,espresso,-0.688232969,-1.010664532,2.64E-08,2.64E-08,2.03E-07
30,pun,tamper,lose,-0.42506412,0.744520944,0.00232544,0.00232544,5.06E-05
31,pun,latte,latte,0,0,0.00390153,0.00333838,8.13E-09
31,pun,latte,spend,-0.045615681,-0.281561419,0.000690856,0.000690856,5.89E-05
31,pun,latte,time,-0.947835339,1.200496854,0.023436,0.023436,0.001239318
31,pun,latte,coffee,1.838535291,-0.164915081,0.000118945,0.000118945,5.04E-05
31,pun,latte,shop,0.099673274,0.147724513,0.0493358,0.0493358,8.38E-05
31,pun,latte,you'll,-1.033399543,-0.466902009,6.78E-06,6.78E-06,1.79E-07
31,pun,latte,work,-0.262727015,0.676276652,0.00111282,0.073073,0.000718337
32,pun,libel,libel,0,0,6.23E-06,8.30E-05,6.37E-06
32,pun,libel,write,0.253432196,-0.518143508,0.00176126,0.00176126,8.56E-05
32,pun,libel,bad,0.434544881,0.213244842,8.65E-05,8.65E-05,0.000120326
32,pun,libel,things,-0.783779476,-0.674633301,0.00745375,0.00745375,0.000325892
32,pun,libel,sue,1.702812138,1.03866012,0.000210366,7.30E-05,1.88E-05
33,pun,tryst,tryst,0,0,1.07E-07,0.000232038,2.28E-07
33,pun,tryst,novel,-0.740461126,0.713492747,0.000288953,0.000288953,3.32E-05
33,pun,tryst,unexpected,-0.384531457,1.62548606,0.000580858,0.000580858,1.64E-05
33,pun,tryst,secret,0.203059995,0.264869073,1.97E-05,1.97E-05,4.47E-05
33,pun,tryst,meeting,0.283346607,-0.713061639,0.000993658,0.000993658,0.000165076
33,pun,tryst,lovers,1.09218497,-0.605937267,9.77E-06,9.77E-06,8.89E-06
33,pun,tryst,plot,-0.620082612,0.655905037,0.000262666,0.000262666,1.67E-05
34,pun,propane,propane,0,0,4.77E-08,3.76E-07,3.98E-07
34,pun,propane,inflammatory,0.524274451,0.537788401,3.36E-07,3.36E-07,5.51E-06
34,pun,propane,talk,-0.820549264,0.638659276,3.26E-05,3.26E-05,0.000130365
34,pun,propane,seen,0.298342534,-0.431107244,0.0144932,0.0144932,0.000293376
34,pun,propane,language,-0.975849504,0.813567976,7.13E-05,0.00365472,0.000150273
35,pun,leafing,leafing,0,0,4.17E-08,0.000523105,4.15E-07
35,pun,leafing,john,-0.930865719,-0.732594277,6.39E-07,6.39E-07,0.000260186
35,pun,leafing,plans,0.664976109,0.076967923,0.000112502,0.000112502,9.28E-05
35,pun,leafing,retire,-1.00566682,0.641089708,0.00319328,0.00319328,8.66E-06
35,pun,leafing,spring,0.557250604,-0.511549743,0.00124322,0.00124322,4.70E-05
35,pun,leafing,like,-0.660585383,0.082140175,0.0124801,0.0124801,0.001186943
35,pun,leafing,trees,1.209997602,-0.476044827,0.000232797,0.000232797,6.48E-05
36,pun,yams,yams,0,0,1.02E-07,1.48E-05,1.79E-07
36,pun,yams,just,-0.768492084,-0.934888345,0.000159739,0.000159739,0.00101403
36,pun,yams,time,-0.981517464,0.021541304,0.212782,0.212782,0.001239318
36,pun,yams,thanksgiving,1.212957909,-0.425702503,6.95E-08,6.95E-08,1.50E-06
36,pun,yams,blockbuster,-0.820549264,-0.872240425,9.10E-06,9.10E-06,9.02E-07
36,pun,yams,movie,-0.711983357,-0.097078622,0.0026432,0.0026432,1.44E-05
36,pun,yams,sweet,0.677385511,0.053858171,5.32E-06,5.32E-06,2.80E-05
36,pun,yams,potatoes,1.353283713,-0.268920404,0.00676358,0.00676358,1.28E-05
36,pun,yams,called,-0.773975142,-0.629178616,0.000356792,0.000356792,0.00026112
36,pun,yams,the,-0.554968549,-0.643381484,0.152051,0.152051,0.048626868
36,pun,yams,silence,-0.93384429,0.490500931,7.33E-05,7.33E-05,4.39E-05
37,pun,tolkien,tolkien,0,0,0.0150905,0.00136054,3.53E-06
37,pun,tolkien,night,-0.421807519,-0.284385257,0.276901,0.276901,0.00028189
37,pun,tolkien,kept,-0.910268591,-0.487771094,1.09E-05,1.09E-05,0.000109856
37,pun,tolkien,dreaming,-0.13577103,-0.35620347,4.30E-05,4.30E-05,6.31E-06
37,pun,tolkien,written,0.446306691,0.657206796,0.00212419,0.00212419,0.000107783
37,pun,tolkien,lord,1.160735078,-0.456126881,7.45E-07,7.45E-07,0.000127756
37,pun,tolkien,rings,1.387542586,-0.938879858,2.35E-05,2.35E-05,1.24E-05
37,pun,tolkien,wife,-0.607085823,0.180393523,0.000173017,0.000173017,0.000132324
37,pun,tolkien,said,-0.416466233,1.559672555,0.00139775,0.00139775,0.001573933
37,pun,tolkien,i'd,-0.866508438,-0.768492084,1.89E-09,1.89E-09,4.55E-07
37,pun,tolkien,sleep,-0.659335913,-0.549401899,0.00128327,0.00128327,5.81E-05
38,pun,magnate,magnate,0,0,1.80E-06,7.41E-05,1.27E-06
38,pun,magnate,people,-0.431309807,-0.033286014,0.0895409,0.0895409,0.000974418
38,pun,magnate,strongly,0.205205301,0.624197061,0.000324916,0.000324916,3.65E-05
38,pun,magnate,attracted,0.279602196,0.432189381,0.0117171,0.0117171,2.25E-05
39,pun,raven,raven,0,0,3.76E-06,2.96E-05,1.59E-06
39,pun,raven,people,-0.692477372,0.051942857,0.0895409,0.0895409,0.000974418
39,pun,raven,think,-0.547426766,-0.366756378,0.00534721,0.00534721,0.000704851
39,pun,raven,edgar,0.755989354,0.668814932,0.00125842,0.00125842,4.37E-06
39,pun,raven,allan,0.05910036,-0.860964863,0.0576145,0.0576145,8.29E-06
39,pun,raven,poe,1.347726463,-0.146664918,0.0576145,0.0576145,4.96E-07
39,pun,raven,madman,0.102235812,1.408360872,6.35E-07,7.69E-07,1.16E-06
40,pun,alkaline,alkaline,0,0,4.11E-05,6.03E-05,2.69E-06
40,pun,alkaline,battery,1.206701171,-0.792668572,2.83E-06,2.83E-06,1.04E-05
40,pun,alkaline,problem,-0.860713606,0.867494647,5.02E-05,0.192777,0.000230092
40,pun,alkaline,went,-0.731474167,-0.800999628,0.00737786,0.00737786,0.00036822
40,pun,alkaline,aa,1.043341239,1.622194218,3.11E-08,3.11E-08,3.89E-06
40,pun,alkaline,meetings,-1.072710013,0.198383999,4.79E-05,4.79E-05,4.24E-05
41,pun,shave,shave,0,0,1.02E-06,2.49E-06,2.55E-06
41,pun,shave,boss,-0.507400464,1.072828636,0.00207698,0.00207698,2.58E-05
41,pun,shave,not,-0.891280856,-0.47745673,0.29367,0.29367,0.00346259
41,pun,shave,tolerate,-0.737205823,-0.613686324,0.000149743,0.000149743,4.96E-06
41,pun,shave,beards,0.734259357,0.288613041,8.55E-07,8.55E-07,9.84E-07
41,pun,shave,mustaches,1.325039479,-0.865224467,7.50E-07,7.50E-07,8.13E-09
41,pun,shave,real,-0.664275018,-0.3940021,0.00551477,0.00551477,0.000182773
41,pun,shave,driver,-0.643777786,0.272936473,2.24E-05,0.00208037,4.16E-05
42,pun,aiken,aiken,0,0,0.00770689,1.43E-06,2.68E-07
42,pun,aiken,heart,-0.724771037,0.661308045,0.0107335,0.0107335,0.000107336
42,pun,aiken,starts,-0.748234784,-0.643347041,0.000196909,0.000196909,3.25E-05
42,pun,aiken,clay,1.199433985,-0.415952447,7.39E-06,7.39E-06,1.28E-05
42,pun,aiken,sings,0.441021487,-0.710184521,4.06E-06,4.06E-06,2.50E-06
43,pun,irrigation,irrigation,0,0,1.45E-06,0.000660083,2.22E-06
43,pun,irrigation,neighbor's,-0.730225151,-0.269612334,0.000108712,0.000108712,8.13E-09
43,pun,irrigation,sprinkler,1.742975516,-0.685323601,1.87E-06,1.87E-06,7.48E-07
43,pun,irrigation,constant,-0.510609373,0.187268811,0.00241929,0.00241929,4.08E-05
44,pun,auntie,auntie,0,0,1.91E-07,3.26E-06,5.16E-06
44,pun,auntie,uncles,1.798489909,-0.55978999,0.0038744,0.0038744,1.77E-06
44,pun,auntie,bet,-0.827928535,0.057568964,4.82E-06,4.82E-06,2.18E-05
44,pun,auntie,get,-1.015647941,-0.610300289,0.00442361,0.00442361,0.000769103
44,pun,auntie,married,-0.203961453,-1.055707502,0.00434599,0.00434599,7.88E-05
44,pun,auntie,upped,-0.802963762,1.005601192,1.56E-07,1.56E-07,4.88E-07
45,pun,fuchsia,fuchsia,0,0,1.28E-07,0.0017513,4.06E-07
45,pun,fuchsia,new,-0.870415876,0.425859064,2.44E-05,2.44E-05,0.000999228
45,pun,fuchsia,years,-0.950474383,0.794137854,0.000103574,0.000103574,0.000713492
45,pun,fuchsia,resolution,-0.686168064,0.401406128,6.70E-06,6.70E-06,2.91E-05
45,pun,fuchsia,bankrupt,-0.980582098,0.111994684,3.52E-06,3.52E-06,5.80E-06
45,pun,fuchsia,gardener,-0.025247262,-0.594976527,2.70E-06,2.70E-06,5.93E-06
45,pun,fuchsia,forget,-0.843243559,-0.184145143,0.000360568,0.000360568,4.75E-05
45,pun,fuchsia,past,-1.001058143,1.353347814,0.0118078,0.0118078,0.000204266
45,pun,fuchsia,rely,-0.768492084,-0.828824356,1.73E-05,1.73E-05,2.15E-05
46,pun,till,till,0,0,1.36E-05,0.00121839,4.30E-05
46,pun,till,organic,-0.061528485,-0.622130709,1.77E-05,1.77E-05,1.71E-05
46,pun,till,farms,1.384527455,-0.928333605,0.00472282,0.00472282,1.46E-05
46,pun,till,like,-0.785873486,-0.154158423,0.00150706,0.0526563,0.001186943
47,pun,house,house,0,0,2.06E-05,1.09E-05,0.000395396
47,pun,house,real,-0.688196007,-0.617130283,0.000104851,0.000104851,0.000182773
47,pun,house,estate,1.351042085,-1.028844296,0.00329224,0.00329224,4.21E-05
47,pun,house,agent,-0.031082829,-0.768492084,0.0285993,0.0285993,3.43E-05
47,pun,house,said,-0.757080802,-0.888097097,0.00739838,0.00739838,0.001573933
47,pun,house,going,-0.330278008,0.279061587,0.000228197,0.401898,0.000507731
48,pun,eire,eire,0,0,0.00255539,0.000250077,1.29E-06
48,pun,eire,people,-0.552208408,-0.080619354,4.75E-05,4.75E-05,0.000974418
48,pun,eire,happy,-0.676615169,-0.337994211,0.00147488,0.00147488,9.14E-05
48,pun,eire,time,-0.736867675,-0.512384139,0.0247114,0.0247114,0.001239318
48,pun,eire,vacationing,-0.58497285,-0.773259387,2.33E-08,2.33E-08,4.06E-08
48,pun,eire,ireland,0.259286594,-0.805463266,1.05E-08,1.05E-08,7.70E-05
48,pun,eire,walking,-0.761443572,-0.564388988,0.00020439,0.00020439,5.10E-05
49,pun,alp,alp,0,0,3.81E-09,0.00273021,1.09E-06
49,pun,alp,people,-0.708886898,0.408733728,4.75E-05,4.75E-05,0.000974418
49,pun,alp,switzerland,1.454584429,-0.725940798,0.00101516,0.00101516,1.22E-05
49,pun,alp,learn,-0.89684315,0.503757112,0.000706582,0.000706582,6.55E-05
49,pun,alp,ski,1.272672278,-0.475677545,0.00342662,0.00342662,7.08E-06
49,pun,alp,lot,-0.581380651,-0.472152614,0.00675467,0.00675467,0.000223117
50,pun,garden,garden,0,0,1.11E-05,1.49E-06,8.72E-05
50,pun,garden,scarecrows,1.197760582,0.752424307,2.14E-08,2.14E-08,1.14E-07
50,pun,garden,patch,1.110548584,-0.566140103,0.000109671,9.12E-05,1.32E-05
51,pun,bean,bean,0,0,3.32E-06,0.14607,4.21E-06
51,pun,bean,selling,-0.652661735,0.582549294,4.09E-06,4.09E-06,4.40E-05
51,pun,bean,coffee,1.660317803,-0.584549235,0.000413523,0.000413523,5.04E-05
51,pun,bean,perks,-0.508400531,-0.723754513,3.73E-06,3.73E-06,2.15E-06
51,pun,bean,those,-0.889691066,-0.506007447,0.00407938,0.00407938,0.00069799
51,pun,bean,lucky,-0.629772767,-0.132889355,0.000518295,0.00805267,3.18E-05
52,pun,odor,odor,0,0,2.16E-06,0.00389359,8.13E-09
52,pun,odor,sign,-0.476426771,0.453981087,3.82E-06,3.82E-06,6.51E-05
52,pun,odor,broken,-0.64930939,-0.365706615,0.000265132,0.000265132,5.55E-05
52,pun,odor,perfume,1.349460204,-0.468285923,1.92E-06,1.92E-06,4.24E-06
52,pun,odor,bottle,-0.175423027,-0.531042077,0.00403508,0.00403508,3.18E-05
52,pun,odor,out,-0.541483176,-0.051627798,0.000285262,0.000285262,0.001586582
53,pun,watt,watt,0,0,1.42E-07,0.930144,5.20E-06
53,pun,watt,sign,-0.505795287,-0.116709271,3.82E-06,3.82E-06,6.51E-05
53,pun,watt,please,-0.967609746,-0.889900822,9.83E-05,9.83E-05,0.000111563
53,pun,watt,turn,-0.843243559,-0.19418994,0.00153109,0.00153109,0.000163905
53,pun,watt,out,-0.658818661,-0.472757556,0.0189194,0.0189194,0.001586582
53,pun,watt,lights,1.688947785,-0.509280299,0.00210965,0.00210965,3.53E-05
53,pun,watt,thanks,-1.005784866,0.665598477,1.01E-08,1.01E-08,5.18E-05
54,pun,pest,pest,0,0,1.23E-06,0.00274276,3.91E-06
54,pun,pest,children,0.019929402,-0.453331164,0.000706022,0.000706022,0.000367204
54,pun,pest,behavior,-0.451721813,0.748248245,5.96E-05,0.0137098,6.34E-07
55,pun,crank,crank,0,0,1.14E-06,0.000239345,7.72E-07
55,pun,crank,people,-0.275070284,-0.661190249,0.0458858,0.0458858,0.000974418
55,pun,crank,get,-0.945886353,-0.734582003,0.0219218,0.0219218,0.000769103
55,pun,crank,up,-0.027226409,-0.313578599,0.0191973,0.0191973,0.001669327
55,pun,crank,work,0.065639743,-0.362394119,0.00880903,0.00880903,0.000718337
55,pun,crank,dawn,-0.920411633,0.572512878,3.82E-05,0.245687,1.90E-05
56,pun,leg,leg,0,0,1.55E-05,0.024239,4.09E-05
56,pun,leg,planes,-0.935994935,0.158193106,6.83E-06,6.83E-06,8.42E-06
56,pun,leg,cramped,0.978330987,-0.466712467,4.40E-05,4.40E-05,3.41E-06
56,pun,leg,passengers,-0.387229821,-0.1539718,4.48E-05,4.48E-05,2.03E-05
56,pun,leg,suffer,-0.641826049,0.083408856,7.36E-06,7.36E-06,2.74E-05
56,pun,leg,jet,-0.888097097,1.718372676,8.25E-06,8.25E-06,1.08E-05
57,pun,decade,decade,0,0,5.33E-06,0.0289135,2.98E-05
57,pun,decade,ten,1.564333095,-0.838154715,2.16E-05,2.16E-05,0.000157288
57,pun,decade,years,1.547106667,0.713324245,0.0653531,0.0653531,0.000713492
57,pun,decade,brushing,0.002236756,0.685656189,6.88E-06,6.88E-06,4.06E-06
57,pun,decade,causes,-0.866769811,-0.106843409,2.55E-05,2.55E-05,3.67E-05
57,pun,decade,horrible,-0.600309607,0.311556838,4.90E-06,4.90E-06,1.29E-05
57,pun,decade,tooth,-0.472012752,1.114234322,5.91E-06,5.91E-06,5.14E-06
58,pun,dramatic,dramatic,0,0,9.06E-06,0.00164569,3.08E-05
58,pun,dramatic,actor,1.169871747,-0.475196786,3.66E-05,3.66E-05,1.61E-05
58,pun,dramatic,quite,-0.13541323,-0.294495253,0.0161509,0.0161509,0.000318706
58,pun,dramatic,right,-0.560396783,1.042524858,0.00228158,0.00228158,0.000724954
58,pun,dramatic,retired,-0.868380626,-0.502520343,0.00333981,0.00333981,2.30E-05
58,pun,dramatic,post,-0.235556432,0.434364099,8.21E-07,8.21E-07,7.45E-05
58,pun,dramatic,stress,0.265772995,1.030537233,2.72E-05,0.667041,3.89E-05
58,pun,dramatic,disorder,0.02321138,0.826936307,0.000400378,0.332441,1.30E-05
59,pun,grammatic,grammatic,0,0,6.96E-08,0.00164569,4.06E-08
59,pun,grammatic,english,1.488062983,-0.909985073,1.67E-06,1.67E-06,0.000183838
59,pun,grammatic,teacher,1.192226318,-0.791296213,3.34E-05,3.34E-05,6.94E-05
59,pun,grammatic,felt,-0.921998765,0.260183849,0.00170659,0.00170659,0.000210802
59,pun,grammatic,odd,-0.638117648,-0.343554782,0.000192326,0.000192326,3.46E-05
59,pun,grammatic,being,-0.376811204,-0.454650381,0.0166328,0.0166328,0.000703721
59,pun,grammatic,fired,-0.998823601,0.747917522,0.000214276,0.000214276,1.58E-05
59,pun,grammatic,post,-0.075704436,0.252779589,8.07E-07,8.07E-07,7.45E-05
59,pun,grammatic,stress,-0.708221773,0.816966059,4.62E-05,0.667041,3.89E-05
59,pun,grammatic,disorder,-0.789315839,0.901872606,0.000400378,0.332441,1.30E-05
60,pun,hosta,hosta,0,0,1.02E-08,0.000346739,1.63E-07
60,pun,hosta,garden,0.719701453,-0.684136703,0.000296225,0.000296225,8.72E-05
60,pun,hosta,club,-0.318740743,-0.319810105,7.52E-05,7.52E-05,0.000131804
60,pun,hosta,visited,-0.606117901,-0.802854167,1.42E-05,1.42E-05,3.39E-05
60,pun,hosta,nursery,0.141802844,-1.073214091,3.75E-05,3.75E-05,1.41E-05
60,pun,hosta,found,-0.526758118,-0.499352325,0.000716748,0.000716748,0.000380934
60,pun,hosta,environment,-0.603326871,0.365676139,6.70E-05,0.0781967,0.000103482
61,pun,dublin,dublin,0,0,2.07E-09,9.25E-07,1.86E-05
61,pun,dublin,irish,1.581972636,-0.55077486,1.01E-07,1.01E-07,4.71E-05
61,pun,dublin,rich,0.750602733,-0.428540969,0.000126182,0.000126182,5.40E-05
61,pun,dublin,capital,0.858460003,0.240717333,0.000421982,0.000421982,0.000108335
62,pun,prism,prism,0,0,6.15E-08,2.74E-05,6.18E-07
62,pun,prism,optical,0.862760376,-0.785873486,1.53E-05,1.53E-05,7.45E-06
62,pun,prism,scientist,0.296114396,-0.513467826,5.17E-06,5.17E-06,1.62E-05
62,pun,prism,stole,-0.79161182,0.808077941,0.000424978,0.000424978,7.29E-06
62,pun,prism,colleague's,-0.768492084,-0.766698457,5.00E-05,5.00E-05,1.63E-08
62,pun,prism,bifocals,0.156082969,-0.073276141,3.16E-07,3.16E-07,7.32E-08
62,pun,prism,sentenced,-1.030829313,1.168777351,0.000385112,0.000385112,9.80E-06
62,pun,prism,three,-0.24627984,-0.901873649,0.0466413,0.0466413,0.000627195
62,pun,prism,years,-0.203757048,1.082541942,0.132716,0.132716,0.000713492
62,pun,prism,state,-0.743323488,0.585852523,0.00678829,0.00678829,0.000307196
63,pun,fridge,fridge,0,0,1.55E-05,0.00351763,7.28E-06
63,pun,fridge,plumber,-0.091764356,-0.768492084,7.88E-06,7.88E-06,1.70E-06
63,pun,fridge,explained,-0.735554156,-0.624420972,3.57E-05,3.57E-05,5.47E-05
63,pun,fridge,problem,-0.642296772,-0.095965802,0.00217942,0.00217942,0.000230092
63,pun,fridge,kitchen,1.480104337,-0.604859562,0.0014998,0.0014998,6.17E-05
63,pun,fridge,just,-0.808410373,-0.58529731,0.00205392,0.00205392,0.00101403
63,pun,fridge,water,0.434760611,1.20972442,5.01E-05,5.01E-05,0.000276688
63,pun,fridge,under,-0.524355,0.461293395,0.00155868,0.00155868,0.000485685
64,pun,thief,thief,0,0,4.38E-07,0.162292,5.80E-06
64,pun,thief,robber,1.490306763,-0.232999264,9.87E-06,9.87E-06,1.52E-06
64,pun,thief,baron,-0.162000844,0.33945814,0.0047609,0.0047609,6.27E-06
64,pun,thief,commander,-0.436090311,1.282435225,7.86E-05,7.86E-05,1.53E-05
65,pun,revolution,revolution,0,0,1.36E-05,0.0387254,3.69E-05
65,pun,revolution,satellite,-0.589581762,-0.169813127,2.19E-05,2.19E-05,1.32E-05
65,pun,revolution,went,-0.718832382,-0.556542663,0.000118547,0.000118547,0.00036822
65,pun,revolution,orbit,0.587169324,-0.674633301,0.000820135,0.000820135,5.71E-06
65,pun,revolution,january,-0.629788658,0.391177113,8.50E-08,8.50E-08,8.14E-05
65,pun,revolution,1st,-0.014723459,0.162847061,1.12E-05,1.12E-05,1.02E-05
65,pun,revolution,causing,0.312314307,-0.005369105,1.66E-05,1.66E-05,2.59E-05
65,pun,revolution,new,0.901104107,-0.07632358,0.0023203,0.0023203,0.000999228
65,pun,revolution,year's,0.90086442,0.890641509,6.61E-05,6.61E-05,7.32E-08
66,pun,plants,plants,0,0,1.66E-05,1.76E-06,5.80E-05
66,pun,plants,twin,-0.38589311,-0.678366917,4.52E-05,4.52E-05,1.48E-05
66,pun,plants,girls,-0.694945616,-0.292359923,0.00397797,0.00397797,7.31E-05
66,pun,plants,rented,-0.735411976,-0.776725227,2.58E-06,2.58E-06,6.63E-06
66,pun,plants,flora,1.641977958,-0.574013214,3.37E-06,3.37E-06,7.73E-06
66,pun,plants,offices,0.339348001,-0.400514965,2.86E-05,2.86E-05,3.45E-05
66,pun,plants,called,-0.853982066,-0.917305489,0.0018815,0.0018815,0.00026112
66,pun,plants,business,-0.339603311,0.014473553,0.00102969,0.00102969,0.000280744
66,pun,plants,sisterhood,-0.773159051,0.092858957,6.56E-08,6.56E-08,2.93E-07
66,pun,plants,traveling,-1.035775607,0.251272811,3.47E-05,3.47E-05,9.75E-08
67,pun,incisor,incisor,0,0,2.53E-06,0.00136886,4.23E-07
67,pun,incisor,dentist,1.408438937,-0.769278744,5.00E-05,5.00E-05,4.45E-06
67,pun,incisor,convicted,-0.777888144,1.153653783,0.00190589,0.00190589,1.19E-05
67,pun,incisor,trading,-0.908562066,0.635210148,2.45E-05,0.164959,4.04E-05
68,pun,mimes,mimes,0,0,3.44E-07,0.000148943,1.95E-07
68,pun,mimes,quietest,1.238651008,-0.398265241,5.09E-06,5.09E-06,4.80E-07
68,pun,mimes,burglars,-0.860241149,-0.164260357,3.37E-06,3.37E-06,2.45E-06
68,pun,mimes,history,-0.77714194,-0.090787765,0.00152986,0.00152986,0.00015298
68,pun,mimes,new,-0.751096084,-0.773609685,0.000390851,0.000390851,0.000999228
68,pun,mimes,york,-0.556025932,-0.847554516,2.27E-06,2.27E-06,7.54E-05
68,pun,mimes,city,-0.55700229,-0.491339155,7.52E-05,7.52E-05,0.000182879
68,pun,mimes,newspapers,-0.902058306,-0.104841691,7.74E-05,7.74E-05,2.74E-05
68,pun,mimes,called,-0.316985196,-0.645971166,0.00377275,0.00377275,0.00026112
68,pun,mimes,criminal,-0.881673721,0.8967753,2.54E-06,2.54E-06,3.98E-05
69,pun,glittering,glittering,0,0,1.04E-06,8.93E-07,5.01E-06
69,pun,glittering,tinker,-0.189314298,-0.769278744,2.30E-07,2.30E-07,1.20E-06
69,pun,glittering,bell,-0.440564951,-0.687052082,1.15E-05,1.15E-05,2.62E-05
69,pun,glittering,arrested,-1.094565172,0.372458385,0.000550856,0.000550856,2.79E-05
69,pun,glittering,being,-0.737205823,-0.811913462,0.0171379,0.0171379,0.000703721
69,pun,glittering,suspiciously,-0.250587203,-0.614673537,7.84E-07,7.84E-07,2.87E-06
69,pun,glittering,high,-0.6379605,-0.686208141,0.004472,0.004472,0.000307407
69,pun,glittering,end,-0.708886898,-0.76231163,0.00441544,0.00441544,0.000389673
69,pun,glittering,only,-0.682024193,-0.791296213,0.00616306,0.00616306,0.001198137
69,pun,glittering,fined,-0.932223603,0.78383159,7.67E-06,7.67E-06,8.53E-06
70,pun,altitude,altitude,0,0,4.80E-07,9.25E-05,3.98E-06
70,pun,altitude,become,-0.929679135,-0.442911135,0.0013499,0.0013499,0.000239814
70,pun,altitude,pilot,1.791182413,-0.149998759,0.000256775,0.000256775,2.59E-05
70,pun,altitude,requires,-0.558837016,-0.386097938,1.70E-05,1.70E-05,4.23E-05
70,pun,altitude,good,-0.293776516,0.893129765,0.0112082,0.0112082,0.000653102
71,pun,presence,presence,0,0,7.19E-05,1.71E-05,6.32E-05
71,pun,presence,christmas,-0.049557714,1.637799199,3.52E-07,3.52E-07,6.94E-05
71,pun,presence,people's,-0.0751085,-0.346341863,0.0909741,0.0909741,1.54E-07
72,pun,necks,necks,0,0,0.000156364,0.00246009,3.32E-06
72,pun,necks,vampires,1.378436923,-1.00930888,5.95E-08,5.95E-08,4.39E-07
72,pun,necks,looking,-0.338658039,0.134282838,0.013436,0.013436,0.000204022
72,pun,necks,victim,-0.193476629,-0.127997301,4.50E-06,0.000413612,3.06E-05
73,pun,digestion,digestion,0,0,1.34E-06,0.0806698,3.72E-06
73,pun,digestion,villain,-0.855225043,0.988480057,3.16E-05,3.16E-05,2.45E-06
73,pun,digestion,call,0.093892454,-0.586608055,2.35E-05,2.35E-05,0.000150574
73,pun,digestion,silverware,0.138388152,-1.039672234,2.90E-07,2.90E-07,5.20E-07
73,pun,digestion,weapons,-0.932214604,1.774042894,1.02E-06,1.02E-06,3.16E-05
73,pun,digestion,mass,-0.578788033,0.766814076,0.349239,0.349239,5.72E-05
74,pun,ream,ream,0,0,1.96E-07,8.84E-05,8.94E-08
74,pun,ream,brand,-0.883793725,-0.345707956,1.70E-05,1.70E-05,1.65E-05
74,pun,ream,name,-1.040211454,-0.855225043,0.199439,0.199439,0.000204648
74,pun,ream,highest,-0.661081037,-0.504438568,0.000635923,0.000635923,3.87E-05
74,pun,ream,quality,-0.257446601,-0.12479741,0.032356,0.032356,0.000130381
74,pun,ream,copy,0.412031456,-0.902797355,7.00E-05,7.00E-05,4.66E-05
74,pun,ream,paper,0.479931977,-0.805463266,0.00233806,0.00233806,0.00013599
74,pun,ream,money,-0.403558994,-0.733643118,0.00317606,0.00317606,0.000292629
74,pun,ream,buy,-0.593921746,-0.540992522,0.15388,0.15388,9.88E-05
74,pun,ream,crop,-0.355341607,0.332406402,7.23E-05,7.23E-05,1.32E-05
75,pun,seize,seize,0,0,8.01E-07,0.0124681,4.63E-06
75,pun,seize,get,1.359117125,0.088392161,0.016255,0.016255,0.000769103
76,pun,author,author,0,0,0.00199054,0.010205,3.47E-05
76,pun,author,made,-0.044555276,0.330747771,0.00499731,0.00499731,0.00073501
76,pun,author,mario,-0.445062983,-0.58300583,0.0017528,0.0017528,4.19E-06
76,pun,author,puzo's,-0.286843603,-0.943495525,0.0576145,0.0576145,8.13E-09
76,pun,author,books,1.509589183,-0.209364427,0.000143557,0.000143557,0.000103734
76,pun,author,required,-0.66068669,-0.500990712,6.39E-05,6.39E-05,0.000130788
76,pun,author,reading,1.536248836,-0.409127505,0.000814981,0.000814981,8.60E-05
76,pun,author,class,-0.399710837,-0.296974995,0.000105792,0.000105792,0.000144006
76,pun,author,made,-0.35643224,-0.256753604,0.00541893,0.00541893,0.00073501
76,pun,author,refuse,-0.895111923,0.703035782,0.00312708,0.00312708,1.91E-05
77,pun,source,source,0,0,3.44E-05,0.364048,7.21E-05
77,pun,source,crop,0.560526118,-0.733116391,0.00022366,0.00022366,1.32E-05
77,pun,source,destroyed,-0.679780332,-0.589229771,0.000442173,0.000442173,2.49E-05
77,pun,source,cranberry,-0.886871738,1.288888135,5.36E-08,5.36E-08,6.34E-07
78,pun,paste,paste,0,0,1.74E-06,0.000282635,3.65E-06
78,pun,paste,use,-0.126965987,-0.227360321,0.00377208,0.00377208,0.000500366
78,pun,paste,glue,0.470554486,-0.362910996,9.95E-07,9.95E-07,5.59E-06
78,pun,paste,class,-0.227585055,-0.619277644,0.000285514,0.000285514,0.000144006
78,pun,paste,careful,-0.800039275,-0.370146896,0.00196188,0.00196188,4.07E-05
79,pun,espresso,espresso,0,0,1.01E-08,0.00313465,2.03E-07
79,pun,espresso,why,-0.756463027,-0.56068931,4.92E-05,4.92E-05,0.000391762
79,pun,espresso,italians,0.971203413,-0.560644721,0.000856363,0.000856363,5.13E-06
79,pun,espresso,good,0.360923675,-0.604759049,0.00182077,0.00182077,0.000653102
79,pun,espresso,making,-0.345588794,-0.291104455,0.0143694,0.0143694,0.000217029
79,pun,espresso,coffee,1.41195608,0.393883288,0.000715229,0.000715229,5.04E-05
79,pun,espresso,really,-0.650929998,-0.119510849,0.00116201,0.00116201,0.000371415
79,pun,espresso,know,-0.553771418,0.152758547,0.00942343,0.00942343,0.000945917
80,pun,scents,scents,0,0,1.92E-06,0.117986,1.62E-06
80,pun,scents,women,0.233857742,-0.057864985,1.05E-05,1.05E-05,0.000307196
80,pun,scents,wear,0.268609685,-0.705919562,0.00110806,0.00110806,4.04E-05
80,pun,scents,20000,-0.773975142,-0.438374708,0.0121019,0.0121019,8.13E-09
80,pun,scents,perfume,1.363457409,0.740798005,1.53E-05,1.53E-05,4.24E-06
80,pun,scents,obviously,-0.806755632,0.328876648,2.61E-05,2.61E-05,8.52E-05
80,pun,scents,known,-0.530077167,1.382406289,0.0023602,0.0023602,0.000202917
80,pun,scents,common,-0.46239573,0.94058882,0.00125101,0.00125101,0.000159581
161,nonpun,lion,lion,0,0,2.68E-05,6.87E-06,9.62E-06
161,nonpun,lion,owner,-0.571221341,0.590250272,9.70E-05,9.70E-05,3.97E-05
161,nonpun,lion,takes,-0.731474167,2.140015578,9.49E-05,9.49E-05,9.38E-05
161,nonpun,lion,share,-0.293792505,0.499132115,0.754538,8.01E-05,0.000106685
161,nonpun,lion,profits,-0.791296213,0.052052354,0.00848582,0.00848582,4.65E-05
161,nonpun,lion,company,-0.477835514,1.615834465,0.00131253,0.00131253,0.000316804
162,nonpun,tooth,tooth,0,0,0.000140615,5.40E-05,5.14E-06
162,nonpun,tooth,dentist,1.92939781,-0.115504444,2.27E-05,2.27E-05,4.45E-06
162,nonpun,tooth,examines,0.166825383,1.329249999,4.04E-06,4.04E-06,5.58E-06
162,nonpun,tooth,time,-0.827011327,-0.388304926,0.122765,0.122765,0.001239318
163,nonpun,cilia,cilia,0,0,3.54E-08,1.54E-08,2.93E-07
163,nonpun,cilia,hairlike,0.870742393,0.666319598,0.00538791,0.00538791,8.13E-09
163,nonpun,cilia,projections,0.510829971,-0.594481077,1.79E-05,1.79E-05,3.83E-06
163,nonpun,cilia,surface,-0.600363913,-0.690380914,0.00341053,0.00341053,7.15E-05
163,nonpun,cilia,cells,0.158261651,-0.270003413,9.68E-05,9.68E-05,6.14E-05
164,nonpun,heir,heir,0,0,3.25E-05,1.01E-05,7.75E-06
164,nonpun,heir,prince,0.398963786,0.604104081,3.93E-07,3.93E-07,4.69E-05
164,nonpun,heir,william,-0.017099358,-0.650275049,8.23E-08,8.23E-08,6.62E-05
164,nonpun,heir,british,0.577595328,-0.331357205,8.59E-07,8.59E-07,0.000285573
164,nonpun,heir,throne,1.660920335,0.15253961,6.28E-06,6.28E-06,9.66E-06
165,nonpun,clothing,clothing,0,0,0.0209029,2.31E-05,1.72E-05
165,nonpun,clothing,food,-0.182113649,-0.350864355,7.98E-06,7.98E-06,0.000150688
165,nonpun,clothing,basic,-0.094297654,-0.402797522,0.000164321,0.000164321,8.85E-05
165,nonpun,clothing,necessities,0.567197155,-0.613538942,0.00178136,0.00178136,1.91E-06
166,nonpun,ambiance,ambiance,0,0,3.32E-08,4.06E-05,9.75E-08
166,nonpun,ambiance,hotel,0.249315132,-0.197758866,0.000466333,0.000466333,9.02E-05
166,nonpun,ambiance,warmth,0.826695478,-0.22732948,6.72E-06,6.72E-06,1.59E-05
166,nonpun,ambiance,charm,1.886758201,-0.709936475,0.0154456,0.0154456,1.10E-05
167,nonpun,perches,perches,0,0,2.92E-07,7.81E-06,3.33E-07
167,nonpun,perches,pigeons,1.02822175,-0.520899483,3.22E-07,3.22E-07,3.69E-06
167,nonpun,perches,use,-0.38484364,-0.513068551,0.00526743,0.00526743,0.000500366
167,nonpun,perches,sunny,0.25021405,-0.46684043,8.37E-06,8.37E-06,7.93E-06
167,nonpun,perches,sides,-0.09162949,-0.566406858,1.55E-05,1.55E-05,4.99E-05
167,nonpun,perches,roofs,0.566138544,-0.613538942,1.77E-06,1.77E-06,5.31E-06
168,nonpun,reword,reword,0,0,2.86E-08,1.28E-06,1.63E-08
168,nonpun,reword,mayor,-0.573199986,0.356943151,3.03E-05,3.03E-05,1.80E-05
168,nonpun,reword,speech,0.584501443,-0.283677554,0.000674885,0.000674885,6.20E-05
168,nonpun,reword,advisors,-0.429064775,0.106717557,8.00E-06,8.00E-06,1.58E-06
168,nonpun,reword,told,0.056539183,0.572020505,9.75E-05,9.75E-05,0.000286247
169,nonpun,math,math,0,0,2.48E-08,0.000395522,2.60E-07
169,nonpun,math,exam,1.639103598,-0.272153209,9.97E-06,1.35E-06,6.90E-06
169,nonpun,math,school,1.023339121,-0.480627483,0.021741,0.021741,0.000296368
170,nonpun,stealer,stealer,0,0,2.76E-09,5.18E-10,2.52E-07
170,nonpun,stealer,hearts,-0.14781316,0.038120318,2.00E-05,2.00E-05,1.18E-05
171,nonpun,wicker,wicker,0,0,2.78E-06,3.66E-06,1.68E-06
171,nonpun,wicker,chair,1.260660602,-0.198142563,2.60E-05,2.60E-05,5.93E-05
171,nonpun,wicker,made,-0.131772553,-0.314213502,0.00286759,0.00286759,0.00073501
172,nonpun,spatial,spatial,0,0,1.31E-05,2.43E-05,9.84E-06
172,nonpun,spatial,good,-0.678910642,1.286348687,0.000960829,0.000960829,0.000653102
172,nonpun,spatial,skills,0.120220326,1.640560498,0.00296089,0.00280887,7.31E-05
172,nonpun,spatial,knows,-0.492701478,-0.156660139,0.00202837,0.00202837,6.47E-05
172,nonpun,spatial,build,0.295884738,-0.416892218,0.00334416,0.00334416,5.74E-05
172,nonpun,spatial,house,0.368401744,0.208673672,0.0179521,0.0179521,0.000395396
172,nonpun,spatial,plans,0.26106787,-0.445998466,3.99E-05,3.99E-05,9.28E-05
172,nonpun,spatial,paper,-0.801287285,-0.237063241,0.0182756,0.0182756,0.00013599
173,nonpun,whirled,whirled,0,0,0.000451717,7.69E-05,1.55E-06
173,nonpun,whirled,dancers,0.703518292,-0.501971202,5.05E-07,5.05E-07,6.58E-06
173,nonpun,whirled,stage,0.217770156,0.392031489,0.00138309,0.00138309,0.000130967
174,nonpun,caesars,caesars,0,0,0.00463529,0.00463529,1.71E-07
174,nonpun,caesars,owner,-0.316262417,-0.51539508,9.70E-05,9.70E-05,3.97E-05
174,nonpun,caesars,behaves,-0.658463959,-0.125586623,4.78E-07,4.78E-07,1.90E-06
174,nonpun,caesars,like,-0.65762522,-0.234096966,0.124745,0.124745,0.001186943
174,nonpun,caesars,employees,-0.358285341,0.708169641,0.00017719,0.00017719,4.66E-05
175,nonpun,launch,launch,0,0,3.93E-05,1.67E-06,2.52E-05
175,nonpun,launch,space,1.238600321,-0.512879257,0.000188177,0.000188177,0.000100093
175,nonpun,launch,took,-0.28830687,-0.50127434,0.00152249,9.76E-05,0.000300384
175,nonpun,launch,place,-0.377863696,0.37625113,0.325736,0.066037,0.000385356
175,nonpun,launch,morning,-0.536185487,-0.278019625,0.0313325,0.0313325,0.000160808
176,nonpun,bloom,bloom,0,0,7.62E-06,8.00E-05,4.41E-06
176,nonpun,bloom,apple,0.481062549,-0.294832558,1.00E-05,1.00E-05,2.08E-05
176,nonpun,bloom,tree,1.512972857,-0.115634231,0.0411237,0.0411237,4.97E-05
176,nonpun,bloom,week,-0.029711948,-0.544280841,0.0694587,0.0694587,0.000254325
177,nonpun,flea,flea,0,0,1.56E-06,1.66E-07,1.44E-06
177,nonpun,flea,dog,1.261754742,0.446357525,0.000370699,0.000370699,6.33E-05
177,nonpun,flea,fleas,1.665634019,-0.750093092,1.56E-06,1.66E-07,1.15E-06
178,nonpun,fillings,fillings,0,0,4.56E-06,1.51E-05,1.15E-06
178,nonpun,fillings,dentist,1.319173899,0.611846549,0.000118969,0.000118969,4.45E-06
178,nonpun,fillings,replaced,0.570798739,0.106002305,1.09E-05,1.09E-05,4.49E-05
178,nonpun,fillings,lost,-0.687580615,0.70021844,0.00291441,0.00291441,0.000151557
179,nonpun,salivation,salivation,0,0,3.81E-07,5.39E-06,1.71E-07
179,nonpun,salivation,dog's,0.111527616,-0.528703386,3.49E-05,3.49E-05,3.25E-08
179,nonpun,salivation,carpet,-0.944135686,-0.501635297,0.000813689,0.000813689,1.84E-05
180,nonpun,orifice,orifice,0,0,2.93E-06,0.000293729,4.31E-07
180,nonpun,orifice,mouth,1.808173017,-0.651667224,4.91E-05,4.91E-05,7.10E-05
181,nonpun,braille,braille,0,0,0.000230291,2.27E-06,1.03E-06
181,nonpun,braille,reads,1.246090659,-0.613538942,8.24E-05,8.24E-05,7.94E-06
181,nonpun,braille,fingertips,1.332785624,-0.750244648,0.000802216,0.000802216,2.74E-06
182,nonpun,sperm,sperm,0,0,1.85E-05,1.56E-06,3.45E-06
182,nonpun,sperm,decided,-0.855225043,0.071915195,0.000965433,0.000965433,0.000117635
182,nonpun,sperm,donate,0.836964216,-0.025278163,0.000904627,0.000904627,1.86E-06
183,nonpun,grime,grime,0,0,0.00073231,6.06E-05,9.59E-07
183,nonpun,grime,city's,-0.224850358,1.082500409,7.17E-05,7.17E-05,4.88E-08
183,nonpun,grime,buildings,-0.241545749,0.451493259,4.94E-05,4.94E-05,5.28E-05
183,nonpun,grime,covered,0.156622438,-0.513757338,0.000773808,0.000773808,6.40E-05
184,nonpun,epoch,epoch,0,0,0.000115665,1.58E-08,1.39E-06
184,nonpun,epoch,end,0.244053589,-0.473904065,0.00237471,0.00237471,0.000389673
184,nonpun,epoch,nuclear,-0.195878405,-0.690380914,0.000235812,0.000235812,6.54E-05
184,nonpun,epoch,arms,-0.50640718,-0.298632549,0.00752122,0.00752122,8.52E-05
184,nonpun,epoch,race,-0.530320607,0.327046687,0.111217,0.111217,6.32E-05
184,nonpun,epoch,began,-0.05736573,-0.367630859,0.000179653,0.000179653,0.00018222
184,nonpun,epoch,new,0.317292379,-0.352129364,0.0407329,0.0407329,0.000999228
184,nonpun,epoch,peace,-0.236416976,0.38015552,0.000266122,0.000329587,7.00E-05
184,nonpun,epoch,cooperation,-0.845235875,-0.612533504,0.00204636,0.00204636,1.04E-05
185,nonpun,bonus,bonus,0,0,0.000113105,2.90E-06,1.11E-05
185,nonpun,bonus,company,1.75208125,-0.519679999,0.000675058,0.000675058,0.000316804
185,nonpun,bonus,pays,1.279764163,-0.690380914,0.000357126,0.000357126,1.18E-05
185,nonpun,bonus,end,-0.413120998,0.01834433,0.0648069,0.0648069,0.000389673
185,nonpun,bonus,year,0.358923073,-0.681714376,0.00412574,0.00412574,0.000587143
186,nonpun,hobbit,hobbit,0,0,8.04E-08,1.91E-05,4.71E-07
186,nonpun,hobbit,favorite,-0.544539635,0.934098334,0.00122544,0.00122544,1.63E-07
186,nonpun,hobbit,creatures,1.163299659,0.917310709,1.42E-05,1.42E-05,1.63E-05
186,nonpun,hobbit,lord,0.531293682,-0.793695707,8.15E-07,8.15E-07,0.000127756
186,nonpun,hobbit,rings,1.04886537,-0.133639154,2.35E-05,2.35E-05,1.24E-05
187,nonpun,screaming,screaming,0,0,0.000667858,1.43E-05,1.09E-05
187,nonpun,screaming,started,-0.610931163,-0.14056131,0.0021562,0.0021562,0.000134909
187,nonpun,screaming,man,-0.374523875,-0.19217154,0.00305695,0.00305695,0.000473597
187,nonpun,screaming,pulled,-0.220343268,-0.627592617,0.000277072,0.000277072,5.24E-05
187,nonpun,screaming,out,-0.519620103,-0.313319244,0.105431,0.105431,0.001586582
187,nonpun,screaming,knife,0.034827868,-0.486327194,0.00156581,0.00156581,2.09E-05
188,nonpun,ohms,ohms,0,0,6.76E-08,0.00148881,6.18E-07
188,nonpun,ohms,used,-0.684079055,-0.378515033,0.00469769,0.00469769,0.000527346
188,nonpun,ohms,measure,0.540310852,-0.612533504,0.00220874,0.00220874,5.14E-05
188,nonpun,ohms,electrical,0.80684939,-0.001933297,3.85E-05,3.85E-05,1.82E-05
188,nonpun,ohms,resistance,1.001397036,-0.099095031,0.00511284,0.00511284,2.95E-05
189,nonpun,kant,kant,0,0,0.00148881,2.87E-05,1.91E-06
189,nonpun,kant,german,-0.277682647,-0.646410038,3.11E-07,3.11E-07,8.76E-05
189,nonpun,kant,philosopher,0.978543546,-0.571464113,8.12E-06,8.12E-06,4.61E-06
190,nonpun,tamper,tamper,0,0,1.44E-07,1.93E-05,4.23E-07
190,nonpun,tamper,barista,0.618823447,-0.599540333,0.00321826,0.00321826,8.13E-09
190,nonpun,tamper,used,0.116950822,-0.139670716,0.000420778,0.000420778,0.000527346
190,nonpun,tamper,press,0.063267887,-0.71128588,0.000504948,0.000440619,0.000103117
190,nonpun,tamper,coffee,-0.889900822,-0.612533504,0.000155353,0.000155353,5.04E-05
191,nonpun,latte,latte,0,0,0.00254467,0.000112278,8.13E-09
191,nonpun,latte,like,-0.795034894,-0.278767789,0.00051742,0.00051742,0.001186943
191,nonpun,latte,morning,0.476275351,0.681240549,0.00713854,0.00713854,0.000160808
191,nonpun,latte,wake,-0.229040106,0.622578142,0.000110945,0.000110945,2.06E-05
191,nonpun,latte,up,-0.229321224,0.024435691,0.423506,0.423506,0.001669327
192,nonpun,libel,libel,0,0,3.57E-07,7.22E-07,6.37E-06
192,nonpun,libel,tabloid,0.429058776,0.095544243,1.39E-05,1.39E-05,3.14E-06
192,nonpun,libel,newspaper,0.456105477,0.750701783,0.00814531,0.00814531,3.88E-05
192,nonpun,libel,movie,-0.542814943,-0.27377728,0.000130106,0.000130106,1.44E-05
192,nonpun,libel,star,-0.768492084,-0.494395561,0.0959715,0.0959715,5.29E-05
193,nonpun,tryst,tryst,0,0,2.02E-07,2.73E-06,2.28E-07
193,nonpun,tryst,lovers,0.605479633,0.427677778,1.24E-05,1.24E-05,8.89E-06
193,nonpun,tryst,go,-0.898132463,-0.262617908,0.000290747,0.000290747,0.00069786
193,nonpun,tryst,away,-0.025564184,0.385784773,0.0102715,0.0102715,0.000386909
193,nonpun,tryst,country,-0.165674745,-0.070830033,0.00112234,0.00112234,0.000252626
193,nonpun,tryst,weekend,-0.127981648,-0.691073706,4.42E-05,4.42E-05,4.97E-05
194,nonpun,propane,propane,0,0,3.57E-07,7.22E-07,3.98E-07
194,nonpun,propane,burns,1.104002332,-0.020322317,1.22E-06,1.22E-06,1.07E-05
194,nonpun,propane,gas,1.5126071,-0.496182557,0.101408,4.99E-05,5.83E-05
194,nonpun,propane,stove,1.168493121,-0.690380914,2.67E-06,2.67E-06,4.66E-06
195,nonpun,leafing,leafing,0,0,1.13E-07,6.74E-05,4.15E-07
195,nonpun,leafing,saw,-0.712532729,-0.077518976,0.00154594,0.00154594,0.000203217
195,nonpun,leafing,pages,0.39021816,0.331295802,0.00272038,0.00272038,3.47E-05
195,nonpun,leafing,old,-0.49577673,0.006825773,0.0202364,0.0202364,0.000425026
195,nonpun,leafing,book,0.32981752,-0.475260723,0.00219445,0.00219445,0.000196389
196,nonpun,yams,yams,0,0,2.74E-07,3.25E-06,1.79E-07
196,nonpun,yams,people,-0.951877244,-0.122050497,0.0458858,0.0458858,0.000974418
196,nonpun,yams,eat,1.35087508,-0.567388288,0.000898007,0.000898007,5.87E-05
196,nonpun,yams,turkey,1.082942491,-0.246885477,1.13E-06,1.13E-06,1.71E-05
197,nonpun,tolkien,tolkien,0,0,0.00148881,1.25E-05,3.53E-06
197,nonpun,tolkien,wrote,0.481923522,1.094981625,0.000144489,7.04E-06,7.81E-05
197,nonpun,tolkien,lord,0.584542487,-0.066337174,3.22E-06,3.22E-06,0.000127756
197,nonpun,tolkien,rings,0.774413856,-0.572203202,2.35E-05,2.35E-05,1.24E-05
198,nonpun,magnate,magnate,0,0,1.28E-06,9.19E-07,1.27E-06
198,nonpun,magnate,coal,-0.402449802,-0.576033542,2.39E-05,2.39E-05,4.07E-05
198,nonpun,magnate,iron,0.162262394,1.616275387,0.0707858,0.0707858,3.72E-05
198,nonpun,magnate,australia,-0.686321458,0.093621331,7.61E-09,1.32E-08,3.95E-05
199,nonpun,raven,raven,0,0,7.82E-06,9.94E-06,1.59E-06
199,nonpun,raven,large,-0.468648589,-0.265270062,0.00552909,0.00552909,0.000276021
199,nonpun,raven,black,1.567140312,0.921090629,0.00370328,0.00370328,0.000192487
199,nonpun,raven,bird,1.491272841,-0.257343918,0.0010044,0.0010044,3.11E-05
200,nonpun,alkaline,alkaline,0,0,6.93E-05,0.000101685,2.69E-06
200,nonpun,alkaline,tried,-0.947170316,0.363600633,0.00093585,0.00093585,0.000115294
200,nonpun,alkaline,out,-0.647170371,-0.413577822,0.0014089,0.0014089,0.001586582
200,nonpun,alkaline,diet,-0.121673063,-0.214011799,0.000886373,8.22E-06,3.36E-05
200,nonpun,alkaline,maintain,-0.791409523,0.302761876,0.00101513,0.00101513,4.34E-05
200,nonpun,alkaline,body's,-0.523803515,-0.796668299,5.31E-05,5.31E-05,8.13E-09
200,nonpun,alkaline,ideal,-0.18242977,0.708128492,1.49E-05,1.49E-05,4.50E-05
200,nonpun,alkaline,ph,0.898290847,-0.242986586,5.81E-07,5.81E-07,1.24E-05
200,nonpun,alkaline,balance,-0.301650519,-0.217403282,4.41E-05,4.41E-05,7.05E-05
201,nonpun,shave,shave,0,0,0.000583016,5.06E-05,2.55E-06
201,nonpun,shave,beard,1.805834566,-0.401604384,2.15E-05,2.15E-05,7.20E-06
201,nonpun,shave,growing,0.492980687,-0.165711126,0.000639156,0.000639156,7.51E-05
201,nonpun,shave,long,-0.45407888,-0.130382294,0.00816243,0.00816243,0.000449698
201,nonpun,shave,need,-0.573669302,0.02248283,0.0229583,0.0229583,0.00044508
202,nonpun,aiken,aiken,0,0,0.020265,3.76E-06,2.68E-07
202,nonpun,aiken,clay,1.941948899,0.305262777,9.57E-07,9.57E-07,1.28E-05
202,nonpun,aiken,rose,-0.777525303,-0.364415769,0.000165467,5.84E-05,8.62E-05
202,nonpun,aiken,fame,0.019961864,0.824739657,0.00630487,0.00630487,9.54E-06
202,nonpun,aiken,won,-0.72466085,0.003370139,0.00357195,0.00357195,9.37E-05
202,nonpun,aiken,american,-0.200093116,-0.431451521,3.14E-08,3.14E-08,0.000129926
202,nonpun,aiken,idol,1.832087736,-0.321293937,4.85E-06,4.85E-06,2.00E-06
203,nonpun,irrigation,irrigation,0,0,2.02E-07,3.67E-07,2.22E-06
203,nonpun,irrigation,artificial,-0.170059923,0.026827141,3.74E-05,3.74E-05,1.59E-05
203,nonpun,irrigation,application,-0.604822734,-0.674607524,3.39E-05,3.39E-05,8.02E-05
203,nonpun,irrigation,water,1.584067474,-0.430288289,0.00112689,0.00112689,0.000276688
203,nonpun,irrigation,land,1.055636282,-0.350674018,0.000603873,0.000603873,0.000166604
203,nonpun,irrigation,soil,0.762328577,0.238527633,5.19E-05,5.19E-05,3.35E-05
204,nonpun,auntie,auntie,0,0,3.74E-05,3.20E-07,5.16E-06
204,nonpun,auntie,betty,-0.399978025,-0.576156657,0.0246333,0.0315729,1.07E-05
204,nonpun,auntie,mother's,0.949529095,-0.608214201,0.00304331,0.00304331,4.06E-08
204,nonpun,auntie,sister,1.283035329,-0.002926078,0.0220583,0.0220583,5.75E-05
205,nonpun,fuchsia,fuchsia,0,0,1.86E-07,0.000758056,4.06E-07
205,nonpun,fuchsia,favorite,-0.550594986,-0.278574592,0.000627636,0.000627636,1.63E-07
205,nonpun,fuchsia,flower,0.567243596,0.032387965,0.00450826,0.00450826,1.85E-05
206,nonpun,till,till,0,0,2.25E-05,0.000358079,4.30E-05
206,nonpun,till,farmers,1.409677829,-0.40063171,1.80E-06,1.80E-06,4.02E-05
206,nonpun,till,soil,0.990634418,-0.612008511,0.00757821,6.76E-05,3.35E-05
206,nonpun,till,springtime,-0.134889206,-0.613538942,1.23E-05,1.23E-05,8.70E-07
207,nonpun,house,house,0,0,0.00200324,1.04E-06,0.000395396
207,nonpun,house,located,0.422314517,-0.156888634,0.000306472,0.000609575,2.01E-05
207,nonpun,house,corner,0.117721156,-0.681714376,0.00150072,0.00150072,5.71E-05
208,nonpun,eire,eire,0,0,0.00148881,6.19E-06,1.29E-06
208,nonpun,eire,former,-0.63532711,-0.310945004,0.00154621,0.00154621,0.000135332
208,nonpun,eire,name,-0.3303745,-0.65397504,9.01E-05,9.01E-05,0.000204648
208,nonpun,eire,republic,-0.313689975,-0.153653534,6.26E-05,6.26E-05,3.41E-05
208,nonpun,eire,ireland,0.602614438,-0.536183252,8.14E-09,8.14E-09,7.70E-05
209,nonpun,alp,alp,0,0,1.12E-08,1.20E-05,1.09E-06
209,nonpun,alp,very,-0.728015681,-0.650383036,0.0283703,0.0283703,0.000956916
209,nonpun,alp,high,0.678602179,-0.087557008,0.023673,0.023673,0.000307407
209,nonpun,alp,mountain,1.436632347,-0.086207403,0.000379432,0.000379432,3.14E-05
210,nonpun,garden,garden,0,0,0.175925,2.70E-06,8.72E-05
210,nonpun,garden,small,0.590508459,-0.681714376,0.0040767,0.0040767,0.000347312
210,nonpun,garden,flower,1.39184861,-0.7695979,0.000216583,0.000216583,1.85E-05
210,nonpun,garden,house,0.547336353,0.384515963,0.0190513,0.0190513,0.000395396
211,nonpun,bean,bean,0,0,0.000193207,1.30E-08,4.21E-06
211,nonpun,bean,like,-0.826129399,-0.522595532,0.00051742,0.00051742,0.001186943
211,nonpun,bean,eat,0.932003108,-0.356586326,0.00430181,0.00430181,5.87E-05
211,nonpun,bean,lima,1.754390007,-0.074299171,3.87E-09,3.87E-09,2.29E-06
211,nonpun,bean,black,0.657123907,-0.646561594,0.000237869,0.000341322,0.000192487
212,nonpun,odor,odor,0,0,2.13E-05,0.000236082,8.13E-09
212,nonpun,odor,old,-0.167753425,-0.456710691,0.000570388,0.000283908,0.000425026
212,nonpun,odor,fish,0.810581643,0.033950395,0.000221759,0.000221759,8.69E-05
212,nonpun,odor,filled,-0.318160949,-0.149324838,1.47E-05,1.47E-05,4.07E-05
212,nonpun,odor,air,1.407653751,-0.530520006,0.0970052,0.0970052,0.000147997
213,nonpun,watt,watt,0,0,1.98E-09,0.00473116,5.20E-06
213,nonpun,watt,desk,-1.020195935,-0.460436798,0.000378625,0.000378625,3.29E-05
213,nonpun,watt,lamp,1.245054572,-0.009864837,0.00334936,0.00334936,1.00E-05
213,nonpun,watt,uses,-0.369936721,0.073232203,1.95E-05,1.95E-05,4.31E-05
213,nonpun,watt,60-watt,1.711404572,-0.617598116,1.98E-09,0.00473116,8.13E-09
213,nonpun,watt,light,1.81968929,-0.470497428,0.000122149,0.000163602,0.000181708
213,nonpun,watt,bulb,1.260571326,-0.388497016,0.00480553,0.00480553,3.52E-06
214,nonpun,pest,pest,0,0,2.55E-06,1.99E-08,3.91E-06
214,nonpun,pest,rats,1.265903212,1.546366994,7.56E-07,7.56E-07,1.09E-05
214,nonpun,pest,mice,1.503664237,-0.472750589,0.054318,0.054318,8.25E-06
214,nonpun,pest,flies,1.279505268,-0.452526194,1.35E-05,1.35E-05,9.32E-06
214,nonpun,pest,regarded,-0.649403424,1.155907971,0.000754665,0.000754665,5.57E-05
214,nonpun,pest,pests,1.665634019,-0.507963891,2.55E-06,1.99E-08,2.72E-06
215,nonpun,crank,crank,0,0,1.49E-05,0.00011407,7.72E-07
215,nonpun,crank,morning,-0.3763379,-0.534714026,0.00713854,0.00713854,0.000160808
216,nonpun,leg,leg,0,0,0.00154569,2.10E-06,4.09E-05
216,nonpun,leg,runners,1.123764341,0.227586259,6.10E-07,6.10E-07,6.50E-06
216,nonpun,leg,need,-0.625262682,-0.36376748,0.0028842,0.0028842,0.00044508
216,nonpun,leg,strong,0.189851663,-0.524450561,0.000567364,0.000567364,0.000127227
217,nonpun,decade,decade,0,0,0.000150482,4.10E-06,2.98E-05
217,nonpun,decade,pretty,-0.768492084,-0.592206059,0.00131429,0.00131429,6.08E-05
217,nonpun,decade,long,0.853053477,0.358679188,0.00266749,0.00266749,0.000449698
217,nonpun,decade,time,1.405860457,1.455128101,0.110423,0.110423,0.001239318
218,nonpun,dramatic,dramatic,0,0,1.44E-06,3.63E-07,3.08E-05
218,nonpun,dramatic,written,0.549493837,0.271840317,0.00652999,0.00652999,0.000107783
218,nonpun,dramatic,works,1.440691293,-0.542854477,0.00121481,8.90E-05,0.000113156
218,nonpun,dramatic,stage,0.30772287,-0.203194746,0.000249518,0.000249518,0.000130967
219,nonpun,grammatic,grammatic,0,0,8.07E-08,2.64E-06,4.06E-08
219,nonpun,grammatic,sentence,1.190501976,-0.44845217,5.17E-05,5.17E-05,4.54E-05
219,nonpun,grammatic,unusual,0.806955409,-0.162721119,0.00717743,0.00717743,3.25E-05
219,nonpun,grammatic,structure,0.857512537,-0.385801556,0.000124701,6.84E-05,0.000109831
220,nonpun,hosta,hosta,0,0,1.14E-07,1.56E-05,1.63E-07
220,nonpun,hosta,beautiful,-0.44031101,-0.292314521,0.00173095,0.00173095,6.77E-05
220,nonpun,hosta,plant,0.331254396,-0.388165526,0.000125778,0.000125778,6.56E-05
221,nonpun,dublin,dublin,0,0,4.26E-08,3.20E-07,1.86E-05
221,nonpun,dublin,capital,0.370660942,-0.353352067,0.000699113,0.000699113,0.000108335
221,nonpun,dublin,ireland,1.961668987,-0.7695979,7.03E-09,7.03E-09,7.70E-05
222,nonpun,prism,prism,0,0,4.15E-08,7.40E-07,6.18E-07
222,nonpun,prism,used,-0.748888987,-0.211389195,0.0537419,0.0537419,0.000527346
222,nonpun,prism,reflect,1.037128764,0.322436931,0.000171823,0.000171823,3.06E-05
222,nonpun,prism,split,0.597686088,-0.493119558,5.90E-05,5.90E-05,3.12E-05
222,nonpun,prism,light,1.161261397,-0.343103799,1.93E-05,1.93E-05,0.000181708
223,nonpun,fridge,fridge,0,0,0.000524684,4.47E-05,7.28E-06
223,nonpun,fridge,put,-0.411008022,-0.714299692,0.000186341,0.000186341,0.000461753
223,nonpun,fridge,milk,0.767235192,0.065462153,0.00170517,0.00170517,3.82E-05
223,nonpun,fridge,meat,0.803642708,-0.7695979,0.0438277,0.0438277,2.83E-05
224,nonpun,thief,thief,0,0,5.60E-05,4.52E-05,5.80E-06
224,nonpun,thief,stole,1.505970904,-0.545372708,0.000836827,3.18E-06,7.29E-06
224,nonpun,thief,luggage,-0.257270569,-0.316886587,0.000260611,0.000260611,5.06E-06
224,nonpun,thief,airport,-0.661774297,0.224649311,0.00150353,0.00150353,2.30E-05
225,nonpun,revolution,revolution,0,0,0.0924293,3.94E-06,3.69E-05
225,nonpun,revolution,industrial,0.779098559,-0.240610069,7.36E-05,7.36E-05,9.18E-05
225,nonpun,revolution,changed,1.047769507,0.49074638,0.00537734,2.81E-05,8.96E-05
225,nonpun,revolution,people,1.181577844,0.558163664,0.00489586,0.00489586,0.000974418
225,nonpun,revolution,worked,-0.132138721,-0.681714376,0.000197417,0.000197417,9.96E-05
225,nonpun,revolution,lived,-0.353187535,0.010562891,0.0214798,0.0214798,6.42E-05
226,nonpun,plants,plants,0,0,2.53E-05,5.30E-06,5.80E-05
226,nonpun,plants,humans,0.085842382,1.160297988,6.46E-07,6.46E-07,1.64E-05
226,nonpun,plants,animals,0.673120693,-0.75390942,0.103504,0.103504,6.87E-05
226,nonpun,plants,not,-0.439678866,0.185020415,0.102785,0.102785,0.00346259
226,nonpun,plants,live,1.055429237,-0.373845175,0.00310434,0.00310434,0.000135462
227,nonpun,incisor,incisor,0,0,8.89E-07,2.40E-06,4.23E-07
227,nonpun,incisor,rats,-0.525290308,0.096538447,7.56E-07,7.56E-07,1.09E-05
227,nonpun,incisor,tore,0.363363383,-0.408645564,5.12E-06,5.12E-06,5.36E-06
227,nonpun,incisor,meat,-0.007525189,0.595862703,0.000138038,0.000138038,2.83E-05
227,nonpun,incisor,strong,-0.405085093,-0.08726854,0.000783156,0.000783156,0.000127227
228,nonpun,mimes,mimes,0,0,1.58E-07,3.31E-05,1.95E-07
228,nonpun,mimes,very,-0.947170316,-0.483321963,0.00423937,0.00367534,0.000956916
228,nonpun,mimes,skilled,0.208544935,-0.571526755,0.000106568,0.000106568,1.45E-05
228,nonpun,mimes,imitating,1.776000221,-0.559505191,4.85E-06,4.85E-06,1.28E-06
228,nonpun,mimes,people,0.56746651,1.378662768,0.000249925,0.000249925,0.000974418
229,nonpun,glittering,glittering,0,0,2.42E-06,2.62E-07,5.01E-06
229,nonpun,glittering,jewels,1.199606302,-0.716335307,5.32E-05,5.32E-05,3.50E-06
229,nonpun,glittering,sun,0.849660661,-0.410150634,0.00117919,0.00117919,8.96E-05
230,nonpun,altitude,altitude,0,0,0.0102813,0.000250491,3.98E-06
230,nonpun,altitude,airplane,0.899280943,-0.37279691,2.40E-06,2.40E-06,6.18E-07
230,nonpun,altitude,flying,1.487572951,-0.349386687,0.00010679,0.00010679,3.75E-05
230,nonpun,altitude,35000,1.529686948,-0.31124024,8.32E-05,4.70E-05,8.13E-08
230,nonpun,altitude,feet,0.849052354,1.665968295,9.62E-05,9.62E-05,0.000107514
231,nonpun,presence,presence,0,0,0.000208248,1.93E-05,6.32E-05
231,nonpun,presence,general,-0.571714282,0.139612203,0.000705447,0.000705447,0.000306578
231,nonpun,presence,great,-0.279443008,0.682147043,0.000464689,0.000464689,0.000375187
232,nonpun,necks,necks,0,0,0.0432973,0.0432973,3.32E-06
232,nonpun,necks,wore,-0.337111103,-0.092011134,0.000708412,0.000708412,2.27E-05
232,nonpun,necks,scarf,1.312926424,-0.681714376,0.00125986,0.00125986,4.11E-06
233,nonpun,digestion,digestion,0,0,3.28E-05,5.66E-06,3.72E-06
233,nonpun,digestion,good,-0.20935871,-0.713394257,0.000960829,0.000960829,0.000653102
233,nonpun,digestion,eat,1.517272809,-0.428017343,0.00238258,0.00238258,5.87E-05
234,nonpun,ream,ream,0,0,4.10E-07,1.09E-06,8.94E-08
234,nonpun,ream,office,-0.054455985,-0.612533504,0.000549873,0.000549873,0.000198576
234,nonpun,ream,uses,-0.61745763,-0.412215123,8.89E-05,8.89E-05,4.31E-05
234,nonpun,ream,20,-0.562925409,-0.690380914,0.000297754,0.000297754,0.000122342
234,nonpun,ream,reams,1.450835875,-0.472322047,4.10E-07,1.09E-06,4.47E-07
234,nonpun,ream,paper,0.956801526,-0.527414517,0.0972359,0.000284903,0.00013599
234,nonpun,ream,week,-0.768492084,-0.712912044,0.130363,0.130363,0.000254325
235,nonpun,seize,seize,0,0,2.34E-06,1.96E-06,4.63E-06
235,nonpun,seize,arm,-0.12662968,-0.187185131,0.0712134,0.00180221,6.93E-05
235,nonpun,seize,run,-0.036770438,-0.322451462,0.00318966,0.00318966,0.000173262
235,nonpun,seize,away,0.492107756,0.233464962,0.038537,0.038537,0.000386909
236,nonpun,author,author,0,0,0.000133467,4.62E-05,3.47E-05
236,nonpun,author,cervantes,0.738380098,-0.383013025,0.00148881,0.00148881,1.63E-07
236,nonpun,author,famous,0.537406812,-0.09377369,0.0131278,0.0131278,5.16E-05
236,nonpun,author,spanish,-0.023057305,-0.656226189,2.01E-07,2.01E-07,2.81E-05
236,nonpun,author,language,0.778953656,-0.031165375,7.44E-05,7.44E-05,0.000150273
237,nonpun,source,source,0,0,0.000188512,2.98E-05,7.21E-05
237,nonpun,source,difficulties,-0.647976887,-0.437535073,0.000276497,0.000276497,5.45E-05
237,nonpun,source,not,-0.975432737,-0.542642046,0.133986,0.133986,0.00346259
237,nonpun,source,having,-0.102751353,-0.113120207,0.000507668,0.000507668,0.000273826
237,nonpun,source,enough,-0.827928535,-0.234507332,0.0159876,0.0159876,0.000251561
237,nonpun,source,money,0.218371962,-0.612101614,0.104827,0.104827,0.000292629
238,nonpun,paste,paste,0,0,2.13E-07,7.44E-07,3.65E-06
238,nonpun,paste,used,-0.792570627,-0.405796813,0.0144922,0.0144922,0.000527346
238,nonpun,paste,put,0.009696738,-0.259425199,0.00236119,0.00146579,0.000461753
238,nonpun,paste,pictures,-0.19061284,-0.29236282,9.31E-05,9.31E-05,4.33E-05
238,nonpun,paste,notebook,-0.06493514,-0.633571036,0.000303771,0.000303771,5.80E-06
239,nonpun,espresso,espresso,0,0,3.46E-06,0.00322565,2.03E-07
239,nonpun,espresso,like,-0.407535671,0.5325356,0.00051742,0.00051742,0.001186943
239,nonpun,espresso,dinner,-0.284113897,-0.441339594,0.00220349,0.00220349,4.76E-05
240,nonpun,scents,scents,0,0,3.79E-05,3.79E-05,1.62E-06
240,nonpun,scents,flowers,1.557261349,0.4877108,0.0301875,0.0301875,4.31E-05
240,nonpun,scents,relaxes,-0.308432318,-0.169718389,1.89E-07,1.89E-07,6.34E-07
241,nonpun,line,line,0,0,0.000556492,3.04E-05,0.000191121
241,nonpun,line,notebook,0.903179076,-0.7695979,0.000120355,0.000120355,5.80E-06
241,nonpun,line,thin,0.338331687,-0.419814802,5.10E-06,5.10E-06,4.02E-05
241,nonpun,line,blue,-0.157081939,-0.252958436,0.00138682,0.00138682,8.10E-05
241,nonpun,line,lines,1.969654914,-0.494929592,0.000556492,3.04E-05,8.08E-05
241,nonpun,line,printed,1.605647805,0.522480312,7.63E-06,1.88E-05,2.47E-05
241,nonpun,line,page,0.657603473,-0.554333158,0.00698402,0.00698402,8.58E-05
242,nonpun,truth,truth,0,0,0.133294,1.74E-05,6.39E-05
242,nonpun,truth,speaks,0.364914804,-0.105486137,0.000152038,0.000152038,1.13E-05
243,nonpun,sillier,sillier,0,0,1.34E-07,3.10E-07,1.14E-07
243,nonpun,sillier,drinks,0.024929427,0.687012895,0.000112161,0.000112161,1.81E-05
243,nonpun,sillier,wine,-0.781135248,0.10220985,0.000503828,0.000503828,4.90E-05
243,nonpun,sillier,starts,-0.892521153,-0.659313288,0.000339149,0.000339149,3.25E-05
243,nonpun,sillier,acting,0.313399721,-0.714045514,6.37E-05,6.37E-05,3.79E-05
244,nonpun,hair,hair,0,0,1.23E-05,1.92E-06,0.000109799
244,nonpun,hair,found,-0.7075876,0.286509718,4.77E-05,4.77E-05,0.000380934
244,nonpun,hair,cat,0.534271753,-0.404544797,0.00014019,0.00014019,3.10E-05
244,nonpun,hair,food,-0.809638585,-0.56818969,0.000109258,0.000109258,0.000150688
245,nonpun,closing,closing,0,0,4.87E-06,4.58E-05,2.10E-05
245,nonpun,closing,chairman,-0.283435142,-0.259989929,7.36E-05,7.36E-05,9.04E-05
245,nonpun,closing,made,-0.55214269,-0.571370567,7.35E-05,7.35E-05,0.00073501
245,nonpun,closing,remarks,1.423374168,-0.304208775,0.00298987,1.06E-05,1.77E-05
245,nonpun,closing,end,1.423612408,-0.481286862,0.0648069,0.0648069,0.000389673
245,nonpun,closing,meeting,-0.157331673,-0.577400912,0.000650636,0.000650636,0.000165076
246,nonpun,ambulance,ambulance,0,0,0.000509391,5.17E-08,1.32E-05
246,nonpun,ambulance,came,0.329503511,-0.530520006,0.00373851,0.000397954,0.000360985
246,nonpun,ambulance,car,0.907579954,-0.522575571,0.00156205,0.00156205,0.00021537
246,nonpun,ambulance,accident,1.355553511,-0.645031662,0.00138351,0.00138351,5.08E-05
246,nonpun,ambulance,minutes,-0.218042695,-0.36323405,0.0120192,0.0120192,0.000142258
247,nonpun,purchase,purchase,0,0,0.000648637,2.75E-08,3.52E-05
247,nonpun,purchase,decided,0.555182431,1.012073649,0.0013118,0.0013118,0.000117635
247,nonpun,purchase,new,1.531019996,-0.7695979,0.0615639,0.00320794,0.000999228
247,nonpun,purchase,car,0.213313343,-0.504665099,0.00621845,0.00621845,0.00021537
248,nonpun,reward,reward,0,0,7.76E-05,5.31E-09,1.57E-05
248,nonpun,reward,gave,0.860334601,0.241366219,0.00259354,0.00259354,0.000177359
248,nonpun,reward,working,0.767041869,0.57540622,0.000262852,0.000575961,0.000230401
248,nonpun,reward,hard,0.612942695,-0.420520005,0.00163389,0.00163389,0.000179481
248,nonpun,reward,year,-0.449563877,-0.690380914,0.00139812,0.00139812,0.000587143
249,nonpun,mass,mass,0,0,0.000193701,5.35E-08,5.72E-05
249,nonpun,mass,people,0.807709142,0.602584755,0.0217005,0.00114552,0.000974418
249,nonpun,mass,town,1.444670786,-0.645068878,0.00241342,0.00241342,0.000142672
249,nonpun,mass,square,-0.089224038,1.577643849,0.0037424,0.0037424,5.50E-05
249,nonpun,mass,concert,-0.023313737,-0.699429273,0.000125549,0.000125549,1.48E-05
250,nonpun,steeler,steeler,0,0,1.21E-09,6.48E-09,8.13E-09
250,nonpun,steeler,covered,-0.860962584,-0.485689188,0.000572633,0.000572633,6.40E-05
250,nonpun,steeler,steel,0.655757188,-0.407499759,3.73E-05,3.73E-05,3.22E-05
251,nonpun,wicked,wicked,0,0,4.37E-05,1.66E-05,8.35E-06
251,nonpun,wicked,man,-0.155749898,-0.25478134,0.0356631,8.05E-05,0.000473597
251,nonpun,wicked,took,-0.448858807,-0.59968241,0.000769646,0.00161563,0.000300384
251,nonpun,wicked,child,-0.122278624,-0.645228175,0.00139251,0.00139251,0.000189301
251,nonpun,wicked,parents,-0.580441437,-0.681714376,0.00408232,0.00408232,0.000128601
252,nonpun,special,special,0,0,0.00274502,1.93E-05,0.00017588
252,nonpun,special,birthday,0.564068447,-0.7695979,5.50E-05,5.50E-05,2.57E-05
252,nonpun,special,party,0.201366098,-0.356100629,0.165381,0.165381,0.000317731
252,nonpun,special,occasion,1.337659399,-0.16945941,0.0114213,7.49E-06,4.15E-05
253,nonpun,world,world,0,0,0.0901827,2.60E-07,0.000462761
253,nonpun,world,possible,-0.128561153,-0.612533504,0.0269995,0.0269995,0.000271022
253,nonpun,world,fly,0.017802493,0.014972298,0.000794027,0.000794027,2.99E-05
253,nonpun,world,airplane,0.184282602,1.809152197,0.00224303,0.00224303,6.18E-07
254,nonpun,scissors,scissors,0,0,0.000107371,1.93E-08,3.42E-06
254,nonpun,scissors,hairdressers,1.510471023,-0.683678799,1.24E-07,1.24E-07,1.35E-06
254,nonpun,scissors,use,-0.044843746,-0.681714376,0.000122474,0.000122474,0.000500366
254,nonpun,scissors,cut,1.858618329,0.113397662,0.229289,0.00105482,0.000137828
254,nonpun,scissors,people's,-0.96805301,0.009619878,0.00033158,0.00033158,1.54E-07
254,nonpun,scissors,hair,1.07581798,-0.295752751,0.000608174,0.000608174,0.000109799
255,nonpun,lunch,lunch,0,0,0.215645,4.00E-05,4.11E-05
255,nonpun,lunch,sandwich,1.641712312,-0.182571337,0.000312008,0.000312008,8.41E-06
256,nonpun,blue,blue,0,0,6.06E-06,3.34E-07,8.10E-05
256,nonpun,blue,yellow,1.11300449,0.560437363,0.0618118,8.35E-05,3.52E-05
256,nonpun,blue,make,-0.64703271,0.324617022,0.00012154,0.00012154,0.000621074
256,nonpun,blue,green,0.985022116,1.462651178,4.56E-05,4.56E-05,0.00011427
257,nonpun,free,free,0,0,0.000503773,8.26E-06,0.000165263
257,nonpun,free,twenty,0.760804897,-0.681714376,0.000563435,0.000563435,0.000121025
257,nonpun,free,years,-0.813478871,-0.7695979,0.396065,0.396065,0.000713492
257,nonpun,free,prison,0.202715519,0.070739287,0.0703633,0.0703633,4.94E-05
257,nonpun,free,man,0.572501949,-0.128888689,0.0144407,6.73E-05,0.000473597
258,nonpun,feelings,feelings,0,0,0.000434679,2.94E-06,4.16E-05
258,nonpun,feelings,strong,0.348675052,0.62937085,0.000212312,0.000212312,0.000127227
258,nonpun,feelings,criticism,0.482983263,0.908927042,0.00270307,0.00270307,3.75E-05
258,nonpun,feelings,hurt,0.956918141,0.558578842,5.72E-05,5.72E-05,3.48E-05
258,nonpun,feelings,daughter's,0.410198642,-0.511474867,0.000290061,0.000290061,8.13E-09
259,nonpun,salvation,salvation,0,0,6.56E-06,4.64E-07,8.80E-06
259,nonpun,salvation,minister,0.8035694,-0.681714376,5.68E-05,5.68E-05,0.000188756
259,nonpun,salvation,prayed,1.049995189,0.619095238,4.52E-05,4.52E-05,4.45E-06
259,nonpun,salvation,evil,-0.081232453,-0.713495825,5.67E-05,5.67E-05,2.23E-05
259,nonpun,salvation,woman's,-0.536999554,-0.150385398,2.70E-06,2.70E-06,8.94E-08
260,nonpun,office,office,0,0,0.000628726,3.40E-07,0.000198576
260,nonpun,office,skyscraper,0.726948229,0.05529215,2.02E-06,2.02E-06,4.06E-07
261,nonpun,bail,bail,0,0,1.36E-05,2.15E-06,8.10E-06
261,nonpun,bail,posted,0.906327401,-0.496644319,1.71E-05,1.71E-05,5.69E-06
261,nonpun,bail,5000,1.267019246,-0.690380914,0.0138602,0.0138602,8.13E-09
261,nonpun,bail,brother's,-0.661081037,-0.681173131,0.000781014,0.000781014,2.44E-08
261,nonpun,bail,release,1.373203055,-0.287406687,0.000357976,0.000357976,5.27E-05
261,nonpun,bail,jail,0.280430967,-0.7695979,2.87E-05,2.87E-05,1.00E-05
262,nonpun,spur,spur,0,0,0.000309299,3.89E-06,3.79E-06
262,nonpun,spur,boss,-0.595740934,-0.664279177,5.10E-05,5.10E-05,2.58E-05
262,nonpun,spur,called,-0.624354943,0.009470889,0.0025704,0.0025704,0.00026112
262,nonpun,spur,workers,-0.585301487,-0.422964745,0.000117092,0.000117092,0.000117692
262,nonpun,spur,together,-0.121159913,-0.193452455,0.000621486,0.000621486,0.000240335
262,nonpun,spur,moment,-0.186148235,-0.528280464,0.000534063,0.000534063,0.000167247
263,nonpun,crime,crime,0,0,0.00191093,6.74E-07,5.57E-05
263,nonpun,crime,police,1.593313223,-0.372549052,0.00147035,0.00147035,0.000218467
263,nonpun,crime,fight,0.568351977,-0.577758976,7.52E-06,7.52E-06,5.41E-05
263,nonpun,crime,murder,1.363007655,-0.061794159,1.27E-05,2.26E-05,4.53E-05
263,nonpun,crime,theft,1.603320803,-0.057313734,1.26E-05,1.26E-05,1.37E-05
263,nonpun,crime,drug,1.371112841,-0.546767652,4.18E-05,4.18E-05,4.04E-05
263,nonpun,crime,dealing,0.434237825,-0.326261968,0.0199339,0.0199339,4.57E-05
264,nonpun,pock,pock,0,0,2.91E-08,7.64E-07,4.06E-08
264,nonpun,pock,smallpox,1.044220866,-0.084235251,1.48E-07,1.48E-07,1.27E-06
264,nonpun,pock,left,-0.594774856,-0.690380914,0.000162784,0.000162784,0.000362936
264,nonpun,pock,marks,1.983291002,-0.338321213,0.412343,2.47E-05,3.51E-05
265,nonpun,bones,bones,0,0,7.76E-05,5.29E-06,1.78E-05
265,nonpun,bones,give,-0.627803565,0.018227744,0.000236867,3.84E-05,0.000352767
265,nonpun,bones,shape,0.792297792,-0.583869139,7.91E-05,7.91E-05,5.37E-05
266,nonpun,habit,habit,0,0,0.0105918,2.68E-08,1.77E-05
266,nonpun,habit,smoking,1.496313241,-0.478462194,2.17E-06,2.17E-06,2.33E-05
266,nonpun,habit,bad,1.213178836,0.515070689,0.00120735,0.00120735,0.000120326
267,nonpun,screening,screening,0,0,5.38E-06,4.90E-06,1.02E-05
267,nonpun,screening,went,-0.542885724,-0.346660968,0.00522353,0.00522353,0.00036822
267,nonpun,screening,movie,1.274227121,-0.4432239,4.71E-05,4.71E-05,1.44E-05
267,nonpun,screening,together,-0.57231643,-0.001004936,9.54E-05,0.000102964,0.000240335
268,nonpun,holmes,holmes,0,0,0.0576145,2.61E-06,8.13E-09
268,nonpun,holmes,really,-0.782199101,-0.354215744,0.000109189,0.000109189,0.000371415
268,nonpun,holmes,like,-0.766196634,1.652848023,0.00447266,0.00447266,0.001186943
268,nonpun,holmes,reading,0.058973573,1.091778841,0.000147353,0.000147353,8.60E-05
268,nonpun,holmes,sherlock,1.285521525,-0.716885504,0.006755,0.006755,1.63E-06
268,nonpun,holmes,books,0.810892051,-0.413500898,0.000143557,5.03E-05,0.000103734
269,nonpun,can't,can't,0,0,0.00229883,0.00357293,4.88E-07
269,nonpun,can't,remember,0.107445707,-0.502121444,0.006975,3.72E-05,0.000148078
269,nonpun,can't,time,0.921001675,0.953435453,0.0438017,0.0438017,0.001239318
269,nonpun,can't,happened,-0.488716961,-0.613538942,0.00136235,0.00136235,0.000105718
270,nonpun,temper,temper,0,0,0.0060875,1.30E-07,9.72E-06
270,nonpun,temper,bad,1.265653289,0.475771756,0.00126906,0.00126906,0.000120326
270,nonpun,temper,easily,-0.346537065,-0.461026758,0.00192721,0.00192721,7.78E-05
270,nonpun,temper,angered,1.012319926,-0.466430745,2.75E-05,2.75E-05,2.75E-06
271,nonpun,late,late,0,0,0.000441972,0.000722977,0.000157232
271,nonpun,late,meeting,0.500770641,-0.136641947,0.00140843,0.00140843,0.000165076
272,nonpun,liable,liable,0,0,0.000405071,9.81E-07,1.75E-05
272,nonpun,liable,rental,0.285312976,-0.507406235,3.00E-07,3.00E-07,3.54E-06
272,nonpun,liable,contracts,0.364834585,0.523551247,3.21E-05,3.21E-05,3.61E-05
272,nonpun,liable,state,-0.569536327,-0.462207218,0.0001239,0.0001239,0.000307196
272,nonpun,liable,tenants,0.177945458,-0.542136996,2.28E-05,2.28E-05,1.54E-05
272,nonpun,liable,damages,1.527645132,1.487746281,0.0100272,0.000174585,1.77E-05
272,nonpun,liable,cause,0.938817642,0.120356935,0.000428741,0.000428741,0.000104807
272,nonpun,liable,property,1.414342741,0.205795169,0.000422636,0.000422636,9.79E-05
273,nonpun,twist,twist,0,0,1.73E-06,0.00357293,9.28E-06
273,nonpun,twist,pieces,-0.436844529,-0.178385806,0.00145018,0.00145018,4.31E-05
273,nonpun,twist,thread,1.256833547,-0.554764086,8.47E-06,8.47E-06,7.45E-06
273,nonpun,twist,needle,-0.616427486,-0.031199476,2.45E-05,2.45E-05,9.88E-06
274,nonpun,profane,profane,0,0,6.46E-07,3.19E-07,6.99E-07
274,nonpun,profane,man,-0.221000835,-0.393568751,0.00027236,0.00027236,0.000473597
274,nonpun,profane,uses,-0.448570537,0.28811916,6.08E-05,6.08E-05,4.31E-05
274,nonpun,profane,language,0.558506589,0.581213196,0.00365472,7.13E-05,0.000150273
275,nonpun,leaving,leaving,0,0,0.000654925,1.74E-07,7.66E-05
275,nonpun,leaving,work,-0.238240482,0.084019309,0.000861739,0.000135757,0.000718337
275,nonpun,leaving,right,-1.005784866,-0.520899483,0.000471955,0.000636208,0.000724954
276,nonpun,lambs,lambs,0,0,0.0497324,0.0497324,8.13E-09
276,nonpun,lambs,family,-0.599872094,-0.427729934,0.00142383,0.00142383,0.000271469
276,nonpun,lambs,roast,0.851946622,1.114613861,1.97E-05,1.97E-05,4.13E-06
276,nonpun,lambs,leg,0.499638956,-0.422296246,0.0060024,0.0060024,4.09E-05
276,nonpun,lambs,dinner,0.715418124,2.165823373,0.00047021,0.00047021,4.76E-05
277,nonpun,talking,talking,0,0,0.000778921,0.00465125,0.000103068
277,nonpun,talking,friend,1.474498319,-0.645068878,0.0057659,0.0057659,0.000131536
277,nonpun,talking,whole,-0.871315811,-0.576033542,0.00135329,0.00135329,0.000240294
277,nonpun,talking,time,-0.371245625,-0.07646002,0.0126018,0.0126018,0.001239318
278,nonpun,magnet,magnet,0,0,1.20E-05,1.58E-06,2.57E-06
278,nonpun,magnet,desk,-0.226733883,0.298600455,0.012446,0.012446,3.29E-05
278,nonpun,magnet,holds,0.504277457,-0.065183857,0.000164231,0.000164231,2.20E-05
278,nonpun,magnet,paper,-0.304500379,-0.320379363,8.52E-05,8.52E-05,0.00013599
278,nonpun,magnet,clips,0.122887777,0.276468459,0.000987896,0.000987896,2.26E-06
279,nonpun,raving,raving,0,0,9.94E-06,7.82E-06,1.41E-06
279,nonpun,raving,mad,1.371827409,0.149755222,0.046233,9.45E-06,2.40E-05
279,nonpun,raving,man,-0.546893033,-0.408885865,0.000838751,0.00194382,0.000473597
279,nonpun,raving,frightened,0.710965562,-0.171396955,1.88E-05,1.88E-05,2.05E-05
279,nonpun,raving,those,-0.767759358,-0.544168858,6.59E-05,6.59E-05,0.00069799
280,nonpun,alcohol,alcohol,0,0,1.58E-06,1.92E-07,2.43E-05
280,nonpun,alcohol,burns,0.229593159,0.505826658,4.24E-06,7.92E-06,1.07E-05
280,nonpun,alcohol,easily,-0.503992782,-0.290505374,0.00351256,0.00351256,7.78E-05
281,nonpun,slave,slave,0,0,6.30E-05,4.28E-06,7.12E-06
281,nonpun,slave,boss,1.400749185,-0.285232904,5.10E-05,5.10E-05,2.58E-05
281,nonpun,slave,told,-0.681469513,-0.690380914,0.000933835,0.000933835,0.000286247
281,nonpun,slave,work,1.289300491,0.283711784,0.00600141,0.00600141,0.000718337
281,nonpun,slave,late,-0.789429632,-0.404403087,0.000508828,0.000508828,0.000157232
281,nonpun,slave,holiday,-0.737205823,-0.073798857,0.0010442,0.0010442,6.16E-05
281,nonpun,slave,driver,0.443951792,-0.100281493,0.00572753,9.86E-06,4.16E-05
282,nonpun,aching,aching,0,0,2.28E-06,0.00288397,3.58E-06
282,nonpun,aching,back,0.894540471,-0.490314868,0.00283767,0.00283767,0.00078176
282,nonpun,aching,sitting,-0.255217858,-0.571526755,1.18E-05,1.18E-05,6.90E-05
283,nonpun,irritation,irritation,0,0,0.0068983,9.36E-07,5.19E-06
283,nonpun,irritation,tried,-0.064230899,-0.203663255,0.00093585,0.00093585,0.000115294
283,nonpun,irritation,hide,-0.490253617,-0.690380914,0.00599241,0.00599241,1.92E-05
283,nonpun,irritation,showed,-0.148753998,0.010141543,0.000518198,0.000389153,8.43E-05
283,nonpun,irritation,face,-0.181512568,-0.7695979,0.0548992,0.0548992,0.000265689
284,nonpun,ante,ante,0,0,3.26E-06,1.91E-07,1.32E-06
284,nonpun,ante,made,-0.810472964,-0.272201719,0.00202794,0.00202794,0.00073501
284,nonpun,ante,offer,0.500563907,-0.531440393,0.036003,0.036003,0.000125992
284,nonpun,ante,buy,0.308085211,-0.542642046,0.0414924,0.0414924,9.88E-05
284,nonpun,ante,house,-0.375517823,-0.4849016,0.0427759,0.0427759,0.000395396
284,nonpun,ante,owner,-0.940417014,-0.233108737,0.000426323,0.000426323,3.97E-05
284,nonpun,ante,upped,0.725448669,-0.115912309,1.44E-07,1.44E-07,4.88E-07
285,nonpun,future,future,0,0,0.00507868,9.09E-08,0.000179529
285,nonpun,future,knows,0.147976917,-0.681714376,0.0142111,0.0142111,6.47E-05
285,nonpun,future,happen,0.692699488,-0.599540333,0.315849,0.315849,6.83E-05
286,nonpun,tell,tell,0,0,0.000227951,1.11E-07,0.00023301
286,nonpun,tell,story,1.161450033,-0.469053832,0.319102,0.000422007,0.000106645
286,nonpun,tell,child,0.241234743,-0.612533504,0.00108722,0.00108722,0.000189301
286,nonpun,tell,night,-0.901046457,-0.277410392,0.00446808,0.00446808,0.00028189
287,nonpun,how's,how's,0,0,1.32E-07,0.000183176,3.25E-08
287,nonpun,how's,asked,0.270005063,-0.245116346,0.000607259,0.000607259,0.000252691
287,nonpun,how's,going,0.342579865,-0.018473313,0.425455,0.00246297,0.000507731
288,nonpun,fire,fire,0,0,0.0028206,0.00205684,0.000109181
288,nonpun,fire,sat,-0.642584366,-0.681714376,0.00241241,0.00241241,8.97E-05
288,nonpun,fire,keep,-0.768492084,-0.597326311,0.00139087,0.0032208,0.000216663
288,nonpun,fire,warm,0.849014018,-0.531678516,0.00704284,0.00704284,5.46E-05
289,nonpun,help,help,0,0,0.000898739,2.92E-08,0.000298051
289,nonpun,help,gave,0.908712967,-0.737328199,2.31E-05,2.31E-05,0.000177359
289,nonpun,help,friend,0.919786418,-0.577738637,0.00230929,0.00230929,0.000131536
289,nonpun,help,homework,0.662564313,-0.641711004,0.000101174,0.000101174,6.49E-06
290,nonpun,guarding,guarding,0,0,4.96E-06,2.93E-06,2.41E-06
290,nonpun,guarding,dog,0.857860422,-0.156266765,0.00108091,0.00108091,6.33E-05
290,nonpun,guarding,just,-0.648651142,-0.608500438,0.00227036,0.00227036,0.00101403
290,nonpun,guarding,house,0.172127735,-0.608214201,0.00109182,0.00122108,0.000395396
290,nonpun,guarding,mean,-0.134316388,-0.654750174,0.00646037,0.00646037,0.000341988
290,nonpun,guarding,scare,-0.19021425,-0.660889498,0.000987874,0.000987874,4.28E-06
291,nonpun,been,been,0,0,0.26151,4.16E-07,0.002094361
291,nonpun,been,long,-0.421367959,-0.006859335,0.0159627,0.00176062,0.000449698
291,nonpun,been,time,-0.059106523,-0.612533504,0.286168,0.286168,0.001239318
291,nonpun,been,saw,-0.239116903,-0.5805929,0.00636225,0.00636225,0.000203217
292,nonpun,order,order,0,0,0.0192735,3.22E-06,0.000271477
292,nonpun,order,arranged,1.098840953,-0.160046421,9.88E-05,9.88E-05,3.19E-05
292,nonpun,order,newspapers,-0.019865689,-0.468069427,6.32E-05,6.32E-05,2.74E-05
292,nonpun,order,dates,0.55582649,1.04438851,4.79E-05,4.79E-05,2.15E-05
293,nonpun,lot,lot,0,0,0.152071,6.39E-07,0.000223117
293,nonpun,lot,decided,-0.520075148,-0.425054722,0.000965433,0.000965433,0.000117635
293,nonpun,lot,leave,-0.611990186,-0.716885504,0.0170948,0.0170948,0.000159353
293,nonpun,lot,car,0.555339105,0.564737924,0.038191,0.038191,0.00021537
293,nonpun,lot,parking,1.791723697,-0.612533504,2.30E-05,2.30E-05,1.25E-05
294,nonpun,best,best,0,0,0.0163309,3.03E-06,0.000281825
294,nonpun,best,student,0.357354688,0.024166403,0.000191507,1.96E-05,6.13E-05
294,nonpun,best,class,0.084489018,-0.53669697,0.000510195,0.000510195,0.000144006
295,nonpun,crack,crack,0,0,5.03E-05,6.58E-06,1.41E-05
295,nonpun,crack,drinking,-0.568706521,-0.437201779,1.86E-05,1.86E-05,2.70E-05
295,nonpun,crack,glass,0.229977639,0.124713992,0.000726992,0.000726992,7.51E-05
296,nonpun,lag,lag,0,0,2.33E-06,3.96E-05,2.66E-06
296,nonpun,lag,communications,0.11506706,-0.652512612,4.07E-05,2.26E-05,2.68E-05
296,nonpun,lag,not,-0.734899331,-0.664279177,0.395752,0.395752,0.00346259
296,nonpun,lag,hear,-0.894547741,-0.582302365,0.00320108,0.00320108,0.000106027
296,nonpun,lag,news,-0.788137903,-0.577738637,0.0145632,0.0145632,0.000114091
296,nonpun,lag,until,0.333944221,-0.690511956,0.000135472,0.000135472,0.000323413
296,nonpun,lag,days,-0.367382029,-0.593187373,0.000309287,0.000309287,0.0002228
296,nonpun,lag,later,0.436060915,-0.715633112,0.00509719,0.00509719,0.000309456
297,nonpun,decay,decay,0,0,0.0289135,5.33E-06,8.29E-06
297,nonpun,decay,tooth,0.526024003,-0.589792384,3.57E-07,3.57E-07,5.14E-06
297,nonpun,decay,result,-0.158389626,0.036597285,0.00256388,0.00256388,0.00017631
297,nonpun,decay,poor,0.363239603,-0.321015949,0.00155063,0.00155063,0.000117342
297,nonpun,decay,dental,1.574917546,-0.497982126,3.21E-05,3.21E-05,4.96E-06
297,nonpun,decay,hygiene,0.668785439,-0.557327474,0.00968421,0.00968421,6.31E-06
298,nonpun,traumatic,traumatic,0,0,0.000446438,0.000803872,3.61E-06
298,nonpun,traumatic,car,-0.167779699,-0.666140104,0.00229976,0.00229976,0.00021537
298,nonpun,traumatic,accident,0.685693472,-0.091965215,0.00138351,0.00138351,5.08E-05
298,nonpun,traumatic,very,0.465952561,-0.271256247,0.0200151,0.0200151,0.000956916
298,nonpun,traumatic,experience,1.107196633,-0.387713677,0.20891,0.00233242,0.000169506
299,nonpun,traumatic,traumatic,0,0,4.01E-06,1.11E-08,3.61E-06
299,nonpun,traumatic,incident,1.070651325,-0.597326311,0.00296088,3.03E-05,2.94E-05
299,nonpun,traumatic,left,-0.452771076,-0.484750985,0.000252923,0.000252923,0.000362936
299,nonpun,traumatic,scarred,1.186655805,-0.509989383,1.41E-05,1.41E-05,2.14E-06
300,nonpun,hostile,hostile,0,0,4.16E-05,1.86E-08,1.30E-05
300,nonpun,hostile,driver,0.124091538,-0.577738637,1.38E-05,1.38E-05,4.16E-05
300,nonpun,hostile,attitude,0.750991406,-0.528231672,0.01001,6.00E-05,4.75E-05
301,nonpun,doubling,doubling,0,0,9.25E-07,2.07E-09,4.03E-06
301,nonpun,doubling,amount,0.824345895,-0.690380914,0.0047118,0.0047118,0.000122122
301,nonpun,doubling,business,0.054752075,0.415081199,0.00159928,0.00159928,0.000280744
301,nonpun,doubling,makes,-0.402222701,-0.585539986,0.000143394,0.000143394,0.00013282
301,nonpun,doubling,year,-0.737205823,-0.7695979,0.034373,0.034373,0.000587143
302,nonpun,prison,prison,0,0,0.0335217,5.19E-08,4.94E-05
302,nonpun,prison,sent,0.045516466,-0.425974304,0.00248967,0.00248967,0.000107019
302,nonpun,prison,robbing,0.950511053,-0.498339995,1.30E-05,2.39E-05,1.38E-06
302,nonpun,prison,bank,-0.091331817,-0.536731888,0.0874907,0.0874907,0.000141055
303,nonpun,bridge,bridge,0,0,0.00267278,3.68E-05,5.13E-05
303,nonpun,bridge,trains,1.074483204,-0.36129733,1.37E-06,1.37E-06,1.82E-05
303,nonpun,bridge,go,-0.496029339,-0.314074626,0.0017104,0.0017104,0.00069786
303,nonpun,bridge,river,1.155381151,-0.750244648,0.00245455,0.00245455,7.37E-05
304,nonpun,chief,chief,0,0,0.00092703,6.15E-05,8.91E-05
304,nonpun,chief,leader,1.120057939,0.114813944,0.000170359,0.000170359,7.37E-05
304,nonpun,chief,native,0.925069784,-0.255735163,0.000205984,0.000205984,2.09E-05
304,nonpun,chief,american,-0.210297668,-0.026080507,1.41E-07,1.41E-07,0.000129926
304,nonpun,chief,tribe,1.598825715,0.177698611,1.40E-05,1.40E-05,5.88E-06
304,nonpun,chief,known,-0.600779155,-0.070309294,0.00185491,0.00185491,0.000202917
305,nonpun,resolution,resolution,0,0,7.68E-05,3.57E-05,2.91E-05
305,nonpun,resolution,admired,-0.881816698,-0.570382197,0.000159517,0.000159517,8.92E-06
305,nonpun,resolution,quit,0.04402441,0.035344219,0.000111931,0.000111931,7.20E-06
305,nonpun,resolution,smoking,-0.255207855,-0.146826509,0.00419294,0.00419294,2.33E-05
306,nonpun,pants,pants,0,0,0.00187362,0.000140375,8.13E-09
306,nonpun,pants,legs,0.65430671,0.074378023,0.00148483,0.00148483,4.94E-05
306,nonpun,pants,cold,-0.252607863,-0.384164048,0.00016475,0.00016475,9.42E-05
306,nonpun,pants,put,-0.388506771,0.29115998,0.00444328,0.00444328,0.000461753
306,nonpun,pants,pair,1.658161644,-0.339179555,0.00169493,0.00169493,4.78E-05
307,nonpun,insider,insider,0,0,3.33E-07,4.75E-08,6.45E-06
307,nonpun,insider,trading,0.711009001,-0.690569204,0.118578,3.38E-05,4.04E-05
307,nonpun,insider,get,-0.580089145,-0.414505745,0.00366049,0.00366049,0.000769103
307,nonpun,insider,lot,-0.526307077,-0.647263789,0.00170787,0.00170787,0.000223117
307,nonpun,insider,trouble,-0.387881741,-0.221151376,0.00888362,0.00888362,7.12E-05
308,nonpun,minds,minds,0,0,0.000510819,1.23E-05,2.27E-05
308,nonpun,minds,great,0.514249067,0.088093548,9.60E-06,9.60E-06,0.000375187
308,nonpun,minds,think,1.404774565,0.187931852,0.000635664,5.46E-05,0.000704851
308,nonpun,minds,alike,0.750183181,0.732431154,0.664673,0.0006004,1.15E-05
309,nonpun,littering,littering,0,0,1.09E-07,4.16E-07,3.41E-07
309,nonpun,littering,caught,0.025925019,-0.583648795,0.000938337,0.000938337,6.65E-05
309,nonpun,littering,pay,-0.244670733,-0.407004572,0.0155524,0.0155524,0.000173766
309,nonpun,littering,fine,1.029592653,0.774422755,0.0189398,0.0189398,0.000103848
310,nonpun,attitude,attitude,0,0,9.25E-05,4.80E-07,4.75E-05
310,nonpun,attitude,good,0.715570328,-0.299719032,0.0164287,0.0164287,0.000653102
310,nonpun,attitude,work,-0.017556673,-0.397202182,0.000163055,0.000187092,0.000718337
311,nonpun,presents,presents,0,0,0.014896,4.01E-05,1.97E-05
311,nonpun,presents,wait,-0.267338787,0.226824712,0.00809577,0.00809577,6.72E-05
311,nonpun,presents,open,1.023856705,0.037141579,0.000254803,0.000254803,0.000235595
311,nonpun,presents,christmas,1.961193125,0.208237428,1.17E-06,1.17E-06,6.94E-05
312,nonpun,next,next,0,0,0.00325542,8.03E-06,0.000362554
312,nonpun,next,time,0.222486758,-0.325761723,0.0164176,3.83E-05,0.001239318
312,nonpun,next,late,-0.467570749,-0.580605759,0.000271461,0.000271461,0.000157232
312,nonpun,next,you'll,-0.624395617,-0.690380914,0.000160295,0.000160295,1.79E-07
312,nonpun,next,trouble,-0.702771942,-0.407862784,0.00846978,0.00846978,7.12E-05
313,nonpun,destruction,destruction,0,0,0.000251562,3.81E-06,1.86E-05
313,nonpun,destruction,hurricane,1.602162866,-0.681714376,1.52E-05,1.52E-05,3.98E-06
313,nonpun,destruction,causes,1.645167591,-0.25647317,2.19E-05,2.19E-05,3.67E-05
313,nonpun,destruction,great,-0.237106996,0.105648034,0.00303127,0.00303127,0.000375187
313,nonpun,destruction,buildings,0.42365357,-0.850490932,3.76E-05,3.58E-05,5.28E-05
313,nonpun,destruction,trees,0.308182602,-0.536731888,0.00141412,0.00141412,6.48E-05
314,nonpun,cream,cream,0,0,8.21E-06,4.19E-08,2.53E-05
314,nonpun,cream,butter,1.150166867,-0.324140823,2.93E-06,2.93E-06,1.68E-05
314,nonpun,cream,made,-0.229606144,-0.56190314,0.00291359,0.00291359,0.00073501
315,nonpun,see,see,0,0,0.0230716,0.00033102,0.000923319
315,nonpun,see,able,-0.084950902,0.112057206,0.00998838,0.00998838,0.000238107
315,nonpun,see,clearly,0.916973255,-0.541810342,0.000816105,2.07E-05,0.000120269
315,nonpun,see,getting,-0.537299592,0.137021764,0.00111267,0.00111267,0.000157378
315,nonpun,see,glasses,1.233178845,-0.660889498,5.02E-06,5.02E-06,1.87E-05
316,nonpun,offer,offer,0,0,0.000262133,4.45E-06,0.000125992
316,nonpun,offer,very,-0.712107015,-0.554102897,0.00911394,0.00911394,0.000956916
316,nonpun,offer,considerate,0.672582328,0.178503386,8.18E-05,8.18E-05,1.62E-06
316,nonpun,offer,give,2.178092123,-0.404720482,0.00862041,0.00316947,0.000352767
316,nonpun,offer,ride,0.097546003,-0.56818969,0.000674912,0.000674912,2.64E-05
317,nonpun,sauce,sauce,0,0,0.00683054,2.53E-05,1.10E-05
317,nonpun,sauce,love,-0.81826748,-0.30152221,3.38E-05,3.38E-05,0.000179594
317,nonpun,sauce,eat,1.933806177,0.160815651,0.00497008,0.00497008,5.87E-05
317,nonpun,sauce,chocolate,0.58244089,-0.7695979,0.00060975,0.00060975,1.61E-05
317,nonpun,sauce,vanilla,-0.201152506,-0.433312662,2.66E-07,2.78E-07,1.46E-06
317,nonpun,sauce,ice,-0.760773984,0.283648575,0.0708466,0.0708466,3.21E-05
317,nonpun,sauce,cream,0.863532173,-0.389047651,0.833078,0.833078,2.53E-05
318,nonpun,pays,pays,0,0,0.000317417,1.24E-06,1.18E-05
318,nonpun,pays,company,0.467312406,-0.39047325,6.81E-05,6.81E-05,0.000316804
318,nonpun,pays,employees,1.049992445,-0.645031662,0.000427794,0.000525785,4.66E-05
318,nonpun,pays,weeks,0.260314402,-0.682425965,0.126323,0.126323,0.000121594
319,nonpun,express,express,0,0,0.000224051,2.02E-08,3.90E-05
319,nonpun,express,learn,0.164828801,-0.548789898,0.00102005,0.00102005,6.55E-05
319,nonpun,express,feelings,1.434281812,-0.133460282,0.18119,0.00138304,4.16E-05
319,nonpun,express,better,-0.585132085,-0.396014078,6.45E-06,6.45E-06,0.000280362
320,nonpun,sense,sense,0,0,0.00217715,3.60E-07,0.000171677
320,nonpun,sense,good,0.782137186,1.101292238,0.0164287,0.0164287,0.000653102
320,nonpun,sense,business,1.251973544,-0.452653338,0.000472236,0.000855749,0.000280744
