index,word,m1_trigram,m2_trigram
0,allowed,3.45e-05,6.97e-09
0,car,0.0028014,0.0028014
0,family,0.000166839,0.000166839
0,son,0.000242315,0.000242315
0,use,0.00534466,0.00534466
1,aloud,0.000440511,1.48e-07
1,class,0.0213974,9.81e-06
1,poem,4.49e-05,4.49e-05
1,read,8.13e-09,8.13e-09
1,student,5.15e-05,5.15e-05
2,be,0.426646,1.28e-07
2,okay,0.000202329,0.000919276
2,worry,0.00502034,0.00502034
3,bee,2.75e-06,0.0676358
3,hive,2.87e-05,2.87e-05
3,long,0.862273,0.862273
3,want,0.0983657,0.0983657
4,bored,1.2e-05,2.02e-06
4,alone,6.95e-05,6.95e-05
4,man,0.050822,0.050822
4,old,0.000128063,0.000128063
4,tears,0.379402,3.51e-05
4,time,0.0134318,0.0134318
5,cache,1.53e-07,1.53e-07
5,copies,3.89e-07,6.76e-07
5,database,0.00012806,0.00012806
5,pages,8.06e-07,8.06e-07
5,stored,1.01e-06,1.01e-06
5,web,3.31e-05,3.31e-05
6,caller,4.77e-05,2.26e-05
6,bank,0.00605718,0.00605718
6,phone,0.00115134,0.00115134
7,cash,9.71e-07,2.19e-09
7,bought,0.000680114,0.000680114
7,chips,9.83e-06,9.83e-06
7,stocks,4.46e-05,4.46e-05
7,ten,7.18e-05,7.18e-05
7,years,0.43258,0.43258
8,cd,7.33e-05,1.51e-08
8,bought,0.00121767,0.00121767
8,classical,5.24e-05,5.24e-05
8,music,0.0391182,0.0391182
8,new,0.0568819,0.0568819
9,cd,1.79e-05,6.62e-05
9,music,0.000208104,0.000208104
9,part,2.36e-06,2.53e-06
9,stores,8.31e-05,8.31e-05
9,town,0.00127732,0.00127732
10,cent,1.61e-05,5.68e-06
10,borrow,0.000278958,0.000278958
10,even,0.0063178,0.0063178
10,let,0.00117553,0.00117553
10,not,0.0859567,0.0859567
10,stingy,5.32e-06,5.32e-06
11,coarse,7.39e-05,1.45e-05
11,hair,0.0113966,5.72e-05
11,very,0.00200948,0.00200948
12,collar,1.35e-05,5.53e-06
12,dog,1.42e-05,1.42e-05
12,puts,0.000452632,0.000452632
12,walking,0.00026152,0.00026152
13,course,0.00184713,3.8e-05
13,school,0.000458155,0.000505811
13,took,4.39e-06,4.39e-06
14,damn,0.037045,2.81e-05
14,give,0.0105927,0.0105927
14,not,0.238667,0.238667
14,say,0.0217591,0.0217591
15,days,0.0240316,3.8e-08
15,seven,0.00187166,0.00187166
15,week,0.00262676,0.00262676
16,dear,0.000109317,1.79e-05
16,friend,0.41105,5.58e-07
17,deer,6.2e-08,5.39e-05
17,forest,0.000265678,0.000265678
18,die,0.00185834,3.06e-06
18,attack,0.342205,0.342205
18,heart,0.00112199,0.00112199
18,scared,0.000148404,0.000148404
18,very,0.0146664,0.0146664
19,err,0.00301254,4.49e-05
19,being,0.00115423,0.00115423
19,better,0.00208068,0.00208068
19,safe,0.000110172,0.000110172
19,side,0.000995069,0.000995069
20,eye,1.06e-06,0.00388565
20,blind,0.000304547,0.000304547
20,see,0.00485822,0.115105
21,eye,0.00101215,7.82e-05
21,poked,6.06e-06,6.06e-06
22,fair,0.000106431,0.000116322
22,game,0.000712054,0.000712054
22,not,0.0354391,0.0354391
22,rules,0.000656915,0.000656915
23,fare,2.65e-05,3.91e-05
23,paid,0.00431825,0.00431825
24,feat,7.68e-05,1.26e-06
24,exam,1.23e-05,1.23e-05
24,passing,4.44e-07,4.44e-07
24,real,0.00542699,0.00542699
24,studying,1.4e-05,1.4e-05
25,feet,5.64e-05,1.47e-08
25,hurting,4.73e-05,4.73e-05
25,new,0.00399792,0.00399792
25,shoes,0.000124811,0.000124811
25,these,5.81e-06,5.81e-06
26,flower,0.000844841,4.54e-07
26,among,0.000821921,0.000821921
26,growing,0.000422858,0.000422858
26,picked,0.000672297,0.000672297
26,pretty,9.63e-05,9.63e-05
26,weeds,1.77e-05,1.77e-05
27,grader,5.24e-07,3.09e-07
27,hired,9.25e-05,9.25e-05
27,score,6.94e-05,6.94e-05
27,tests,6.41e-06,6.41e-06
28,grease,4.17e-08,1.4e-05
28,plate,0.000302228,0.000302228
29,greece,6.57e-06,1.54e-07
29,country,0.000621759,0.000621759
29,europe,0.000318602,0.000318602
29,portion,0.0008041,0.0008041
29,southern,6.35e-05,6.35e-05
30,guilt,1.78e-05,1.92e-05
30,accused,0.000202546,0.000202546
30,decides,6.48e-08,6.48e-08
30,innocence,0.379971,1.75e-05
30,jury,3.78e-05,3.78e-05
30,person,0.176602,0.176602
31,hair,0.000583672,3.09e-06
31,heads,0.0124276,0.0124276
31,lots,0.00021699,0.00021699
31,people,0.0602399,0.0602399
32,hare,1.27e-05,6.19e-06
32,fields,0.00109167,0.00109167
32,ran,2.99e-07,1.81e-07
32,rapidly,0.00022985,0.00022985
33,heal,0.0242701,9.89e-08
33,just,0.00258124,0.00258124
33,takes,0.0109527,0.0109527
33,time,0.0287128,0.0287128
33,wounds,1.22e-05,1.22e-05
34,heir,2.83e-05,2.86e-07
34,british,0.00347617,0.00347617
34,prince,8.24e-06,8.24e-06
34,throne,7.95e-05,7.95e-05
34,william,0.0233602,0.0233602
35,hertz,1.79e-07,4.58e-05
35,computer,0.000381153,0.000381153
35,slow,0.00130052,0.00130052
36,hertz,1.24e-06,1.45e-07
36,computer,9.8e-05,9.8e-05
36,mega,1.92e-07,1.92e-07
36,processing,3.14e-05,3.14e-05
36,speed,0.00134511,0.00134511
36,thirty-three,7.07e-06,7.07e-06
37,hi,0.000217425,9.81e-05
37,say,0.0206152,0.0206152
37,waved,0.000942131,0.000942131
38,high,0.077769,2.73e-07
38,feet,0.00381188,0.00381188
38,statue,3.37e-06,3.37e-06
38,ten,0.000198604,0.000198604
39,him,0.00550817,1.53e-07
39,back,0.00192974,9.41e-06
39,john,6.39e-07,6.39e-07
39,like,0.102263,0.102263
39,likes,0.000505123,0.000505123
39,sarah,0.000132245,0.000132245
40,hurts,0.00956424,8.98e-07
40,fell,0.000435037,0.000435037
40,leg,0.000102394,0.000102394
41,i,7.82e-05,1.48e-06
41,answer,0.0342182,0.0342182
41,know,0.114126,0.0013846
42,idle,4.51e-05,4.31e-08
42,doing,0.0137679,0.0137679
42,just,0.0213806,0.0213806
42,sitting,0.00904944,0.00904944
43,idol,3.51e-05,2.33e-05
43,famous,0.000252842,0.000252842
43,movie,0.000363991,0.000363991
43,star,0.0141455,0.0141455
44,knot,7.38e-06,0.00542818
44,boyscouts,0.00148881,0.00148881
44,know,2.41e-08,2.41e-08
44,ropes,7.4e-08,7.4e-08
44,tie,5.69e-05,5.69e-05
45,knot,2.58e-07,7.5e-09
45,double,0.000100552,0.000100552
45,easy,0.00105094,0.00105094
45,tie,4.35e-05,4.35e-05
46,knotty,1.18e-06,0.000482647
46,made,0.000482647,4.84e-06
46,cabin,6.86e-07,6.86e-07
46,pine,6.73e-07,2.43e-06
47,made,0.00138191,3.96e-08
47,cake,4.1e-05,7.71e-05
48,maid,6.83e-06,0.000263499
48,clean,0.000244611,0.000288026
48,hired,3.26e-05,3.26e-05
49,marks,0.00168122,2.71e-08
49,got,0.00462163,0.00462163
49,high,0.00015772,0.00015772
49,high,4.35e-05,4.32e-05
49,school,0.0304142,0.0304142
50,meet,0.00506784,1.37e-06
50,able,0.0285093,0.0285093
50,finally,0.000745084,0.000745084
50,pals,0.00539144,0.00539144
50,pen,2.44e-06,2.44e-06
51,morning,0.00231047,2.69e-06
51,shining,0.145777,0.145777
51,sun,0.00112938,0.00112938
51,up,0.661033,0.661033
51,woke,0.000403333,0.000403333
52,mourning,0.000153144,2e-07
52,died,6.66e-05,6.66e-05
52,loved,8.5e-05,8.5e-05
53,naughty,6.86e-05,1.92e-06
53,boy,0.000619061,0.000619061
53,child,0.0605674,9.2e-07
54,need,0.000673441,5.08e-07
54,company,0.000543013,0.000543013
54,computer,0.000187625,0.00120624
54,programmers,0.0100407,0.0100407
55,none,6.21e-07,4.53e-08
55,made,0.00144137,0.00144137
55,sense,0.0447681,0.0447681
56,not,0.0884001,3.25e-07
56,let's,4.93e-08,4.93e-08
57,nun,9.6e-08,5.02e-07
57,cared,3.15e-08,3.15e-08
57,church,0.000317736,0.000317736
57,new,0.000416308,0.000416308
57,opened,0.000104982,0.000104982
58,nun,2.61e-05,4.81e-06
58,kind,9.22e-05,9.22e-05
58,pious,6.72e-06,6.72e-06
58,very,0.00422028,0.00315005
59,oar,1.82e-06,1.89e-05
59,dipped,1.63e-08,1.63e-08
59,fisherman,3.42e-06,3.42e-06
59,river,0.000541249,0.000541249
60,or,0.0146219,1.08e-08
60,car,9.14e-05,9.14e-05
60,care,0.0459046,0.0459046
60,problems,0.000786522,0.000786522
60,take,1.06e-05,1.06e-05
61,pail,1.17e-07,1.62e-07
61,buckets,7.51e-05,7.51e-05
61,carry,0.000520998,0.000520998
61,feeling,0.00134202,0.00134202
61,start,1.55e-08,1.55e-08
61,those,6.46e-06,6.46e-06
62,pair,0.00138985,6.91e-06
62,matching,0.00105566,4.48e-05
62,socks,1.22e-07,1.22e-07
63,pear,4.71e-06,6.45e-05
63,apples,6.8e-05,6.8e-05
63,ate,0.000416991,0.000416991
64,pear,5.82e-06,7.98e-05
64,brave,2.42e-05,2.42e-05
64,enough,0.151631,0.151631
64,farmer,0.000278025,0.000278025
64,fruit,9.62e-06,9.62e-06
64,grow,0.000373032,0.000373032
65,pi,1.37e-07,4.92e-09
65,decimal,4.64e-05,4.64e-05
65,number,0.00013164,0.00013164
65,places,0.0721633,0.0721633
65,recite,2.47e-05,2.47e-05
65,ten,0.00856012,0.00856012
65,up,6.25e-06,1.97e-05
66,pie,0.0473564,3.9e-07
66,apple,5.25e-05,5.25e-05
66,dessert,3.73e-05,4.08e-05
66,like,0.315299,0.315299
67,plain,1.33e-07,9.81e-08
67,beautiful,1.5e-05,1.5e-05
67,felt,0.016997,0.016997
67,sister,0.00014231,0.00014231
68,plane,0.000213726,2.6e-05
68,airport,0.00104167,0.00104167
68,landed,0.00362111,1.38e-07
69,poor,0.00294914,1.42e-08
69,afford,0.0120473,0.0120473
69,buy,0.0664535,0.0664535
69,cannot,0.000658249,0.000793283
69,family,0.000234604,0.000234604
69,food,0.00714683,0.00714683
70,pray,0.000186782,2.84e-05
70,bed,0.000213585,0.00022975
70,christians,3.45e-05,3.45e-05
70,customary,0.000427894,0.000427894
71,profit,3.69e-07,5.77e-07
71,business,0.000106894,0.000106894
71,dollars,0.0215548,0.0215548
71,made,0.000398934,0.000398934
71,million,0.000332814,0.000332814
71,year,0.296154,0.0252705
72,pros,0.000125273,1.62e-05
72,cons,0.276318,2.89e-05
72,networking,3.71e-07,3.71e-07
72,sites,8.95e-07,8.95e-07
72,social,0.00135368,0.00135368
73,prose,0.000714835,1.25e-06
73,essays,7.58e-07,7.58e-07
73,novels,4.53e-08,4.53e-08
73,written,0.000636569,0.000636569
74,raiser,0.00529044,2.86e-08
74,church,0.0133055,0.0133055
74,fund,6.37e-06,6.37e-06
74,girl,0.000711454,0.000711454
74,local,0.00124668,0.00124668
74,organized,7.59e-08,7.59e-08
75,razor,3.78e-05,1.65e-07
75,beard,3.81e-05,3.81e-05
75,shave,6.37e-05,2.85e-05
75,used,0.00321429,0.00321429
76,real,0.000485336,4.27e-08
76,counterfeit,2.54e-08,2.54e-08
76,diamond,9.26e-07,9.26e-07
76,good,0.0632112,0.0632112
76,just,0.00404624,0.00404624
76,not,0.00148348,0.00148348
76,very,0.00861703,0.00861703
77,reel,2.92e-07,4.93e-05
77,fish,9.11e-06,9.11e-06
77,need,0.00813574,0.00813574
78,reign,0.00225632,5.95e-07
78,ended,0.00784143,0.000506075
78,heir,0.000444358,0.000444358
78,king's,0.000143042,0.000143042
78,took,0.00125967,0.00125967
79,root,0.0195106,1.08e-06
79,tree's,7.43e-07,7.43e-07
79,tripped,4.76e-05,4.76e-05
80,route,0.00101256,0.000158618
80,faster,2.62e-05,2.62e-05
80,home,0.00962775,0.00962775
80,take,1.06e-05,1.06e-05
80,way,0.11885,0.11885
81,scent,9.42e-06,2.61e-09
81,unpleasant,1.75e-05,1.55e-05
82,seas,0.01616,9.4e-09
82,high,0.000607947,0.000607947
82,mid-atlantic,1.88e-06,1.88e-06
82,ship,0.000165708,0.000165708
83,seedy,4.12e-06,3.6e-05
83,bar,0.00217124,1.04e-06
83,drunken,3.38e-05,3.38e-05
83,full,0.0222361,0.0222361
83,people,1.44e-08,1.44e-08
83,unwashed,3e-05,3e-05
84,sell,0.00126753,6.84e-07
84,car,0.000361501,0.000474155
84,good,0.00330995,0.00330995
84,price,0.00224299,0.00224299
85,sign,0.000116055,2.23e-06
85,boutique,5.17e-08,5.17e-08
85,clothes,0.000123245,0.000123245
85,says,3.69e-07,3.69e-07
85,store,0.000156839,0.000156839
86,son,1.59e-05,0.000668427
86,boy,6.93e-05,6.93e-05
86,got,0.0134105,0.0134105
86,only,0.000420018,0.000420018
86,rest,1.27e-08,1.27e-08
87,son,0.00107569,5.55e-05
87,daughter,0.00185761,0.00185761
88,steal,2.4e-08,0.000205567
88,muscles,2.98e-05,2.98e-05
88,thieves,2.93e-06,2.93e-06
89,steal,9.48e-05,5.42e-05
89,boy,0.0722005,0.0722005
89,candy,2.11e-07,2.11e-07
89,decided,0.000473329,0.000473329
89,friend's,3.95e-05,4.15e-05
89,not,0.12636,0.12636
89,wanted,5.54e-05,5.54e-05
90,steel,0.00845099,2.82e-05
90,made,0.000421003,0.000421003
90,ship,1.23e-05,1.23e-05
90,wood,0.0246497,0.0246497
91,sun,0.000826226,0.000167641
91,evening,0.000725587,0.000725587
91,morning,0.00199607,0.00199607
91,rises,0.00160977,3.23e-05
91,sets,5.28e-05,5.28e-05
92,taught,0.000254205,3.86e-08
92,college,8.22e-05,8.22e-05
92,mathematics,0.000423745,2.68e-07
92,students,0.00247445,0.00247445
93,taut,5.64e-08,5.64e-08
93,between,0.0134652,0.000312459
93,clothesline,1.06e-07,1.06e-07
93,hangs,9.6e-08,9.6e-08
93,poles,0.000318191,0.000318191
94,tears,1.29e-06,1.95e-09
94,cheeks,0.0940414,0.0940414
94,movie,1.69e-07,1.69e-07
94,ran,0.0283765,3.28e-07
94,sad,6.51e-06,6.51e-06
94,watched,0.0268613,0.0268613
95,tiers,7.71e-06,0.000247438
95,boxes,7.34e-08,7.34e-08
95,stacked,8.81e-05,8.81e-05
95,warehouse,3.93e-06,3.93e-06
96,time,0.00223583,9.86e-08
96,lunch,0.000965614,0.000965614
96,meeting,0.00800705,0.00800705
97,waist,0.000148609,2.25e-05
97,belt,0.00199551,0.00199551
97,look,0.0019255,2.63e-06
97,small,0.107636,0.107636
97,tiny,5.17e-05,5.17e-05
98,waste,0.00102537,1.09e-05
98,dealing,2.61e-06,2.61e-06
98,time,0.44439,0.000889625
99,watt,0.00010854,1.12e-05
99,bulb,0.00794444,0.00799331
99,desk,8.11e-05,8.11e-05
99,lamp,0.00334936,0.00334936
99,light,0.00782064,0.000289713
99,sixty,0.000375334,0.000375334
99,uses,5.17e-07,5.17e-07
100,what,9.32e-05,3.68e-08
100,students,4.42e-06,4.42e-06
100,teacher,0.000143398,0.000143398
100,told,0.00107881,0.00107881
101,wood,6.76e-05,0.000268706
101,get,0.0117993,0.0117993
101,trees,8.37e-05,0.000124493
102,would,0.0209399,5.8e-07
102,father,0.0294843,0.0294843
102,go,0.189419,0.189419
102,let,0.0106586,0.000411027
102,not,0.102292,0.000845183
102,party,0.000163243,0.000163243
103,aching,2.28e-06,0.00288397
103,back,0.00283767,0.00283767
103,sitting,1.18e-05,1.18e-05
104,alp,1.12e-08,1.2e-05
104,very,0.0283703,0.0283703
104,high,0.023673,0.023673
104,mountain,0.000379432,0.000379432
105,ambiance,3.32e-08,4.06e-05
105,hotel,0.000466333,0.000466333
105,warmth,6.72e-06,6.72e-06
105,charm,0.0154456,0.0154456
106,ambulance,0.000509391,5.17e-08
106,came,0.00373851,0.000397954
106,car,0.00156205,0.00156205
106,accident,0.00138351,0.00138351
106,minutes,0.0120192,0.0120192
107,ante,3.26e-06,1.91e-07
107,made,0.00202794,0.00202794
107,offer,0.036003,0.036003
107,buy,0.0414924,0.0414924
107,house,0.0427759,0.0427759
107,owner,0.000426323,0.000426323
107,upped,1.44e-07,1.44e-07
108,attitude,9.25e-05,4.8e-07
108,good,0.0164287,0.0164287
108,work,0.000163055,0.000187092
109,auntie,3.74e-05,3.2e-07
109,betty,0.0246333,0.0315729
109,mother's,0.00304331,0.00304331
109,sister,0.0220583,0.0220583
110,author,0.000133467,4.62e-05
110,cervantes,0.00148881,0.00148881
110,famous,0.0131278,0.0131278
110,spanish,2.01e-07,2.01e-07
110,language,7.44e-05,7.44e-05
111,bail,1.36e-05,2.15e-06
111,posted,1.71e-05,1.71e-05
111,5000,0.0138602,0.0138602
111,brother's,0.000781014,0.000781014
111,release,0.000357976,0.000357976
111,jail,2.87e-05,2.87e-05
112,bean,0.000193207,1.3e-08
112,like,0.00051742,0.00051742
112,eat,0.00430181,0.00430181
112,lima,3.87e-09,3.87e-09
112,black,0.000237869,0.000341322
113,been,0.26151,4.16e-07
113,long,0.0159627,0.00176062
113,time,0.286168,0.286168
113,saw,0.00636225,0.00636225
114,bloom,7.62e-06,8e-05
114,apple,1e-05,1e-05
114,tree,0.0411237,0.0411237
114,week,0.0694587,0.0694587
115,braille,0.000230291,2.27e-06
115,reads,8.24e-05,8.24e-05
115,fingertips,0.000802216,0.000802216
116,bridge,0.00267278,3.68e-05
116,trains,1.37e-06,1.37e-06
116,go,0.0017104,0.0017104
116,river,0.00245455,0.00245455
117,closing,4.87e-06,4.58e-05
117,chairman,7.36e-05,7.36e-05
117,made,7.35e-05,7.35e-05
117,remarks,0.00298987,1.06e-05
117,end,0.0648069,0.0648069
117,meeting,0.000650636,0.000650636
118,clothing,0.0209029,2.31e-05
118,food,7.98e-06,7.98e-06
118,basic,0.000164321,0.000164321
118,necessities,0.00178136,0.00178136
119,crank,1.49e-05,0.00011407
119,morning,0.00713854,0.00713854
120,cream,8.21e-06,4.19e-08
120,butter,2.93e-06,2.93e-06
120,made,0.00291359,0.00291359
121,crime,0.00191093,6.74e-07
121,police,0.00147035,0.00147035
121,fight,7.52e-06,7.52e-06
121,murder,1.27e-05,2.26e-05
121,theft,1.26e-05,1.26e-05
121,drug,4.18e-05,4.18e-05
121,dealing,0.0199339,0.0199339
122,digestion,3.28e-05,5.66e-06
122,good,0.000960829,0.000960829
122,eat,0.00238258,0.00238258
123,dublin,4.26e-08,3.2e-07
123,capital,0.000699113,0.000699113
123,ireland,7.03e-09,7.03e-09
124,eire,0.00148881,6.19e-06
124,former,0.00154621,0.00154621
124,name,9.01e-05,9.01e-05
124,republic,6.26e-05,6.26e-05
124,ireland,8.14e-09,8.14e-09
125,eire,0.00255539,0.000250077
125,people,4.75e-05,4.75e-05
125,happy,0.00147488,0.00147488
125,time,0.0247114,0.0247114
125,vacationing,2.33e-08,2.33e-08
125,ireland,1.05e-08,1.05e-08
125,walking,0.00020439,0.00020439
126,express,0.000224051,2.02e-08
126,learn,0.00102005,0.00102005
126,feelings,0.18119,0.00138304
126,better,6.45e-06,6.45e-06
127,fire,0.0028206,0.00205684
127,sat,0.00241241,0.00241241
127,keep,0.00139087,0.0032208
127,warm,0.00704284,0.00704284
128,future,0.00507868,9.09e-08
128,knows,0.0142111,0.0142111
128,happen,0.315849,0.315849
129,glittering,2.42e-06,2.62e-07
129,jewels,5.32e-05,5.32e-05
129,sun,0.00117919,0.00117919
130,grammatic,8.07e-08,2.64e-06
130,sentence,5.17e-05,5.17e-05
130,unusual,0.00717743,0.00717743
130,structure,0.000124701,6.84e-05
131,grime,1.73e-07,0.000589605
131,children,0.00102898,0.00102898
131,eat,0.00265646,0.00265646
131,washing,0.000134518,0.000134518
131,hands,0.282159,0.282159
132,guarding,4.96e-06,2.93e-06
132,dog,0.00108091,0.00108091
132,just,0.00227036,0.00227036
132,house,0.00109182,0.00122108
132,mean,0.00646037,0.00646037
132,scare,0.000987874,0.000987874
133,help,0.000898739,2.92e-08
133,gave,2.31e-05,2.31e-05
133,friend,0.00230929,0.00230929
133,homework,0.000101174,0.000101174
134,hosta,1.14e-07,1.56e-05
134,beautiful,0.00173095,0.00173095
134,plant,0.000125778,0.000125778
135,hostile,4.16e-05,1.86e-08
135,driver,1.38e-05,1.38e-05
135,attitude,0.01001,6e-05
136,house,0.00200324,1.04e-06
136,located,0.000306472,0.000609575
136,corner,0.00150072,0.00150072
137,how's,1.32e-07,0.000183176
137,asked,0.000607259,0.000607259
137,going,0.425455,0.00246297
138,insider,3.33e-07,4.75e-08
138,trading,0.118578,3.38e-05
138,get,0.00366049,0.00366049
138,lot,0.00170787,0.00170787
138,trouble,0.00888362,0.00888362
139,kant,0.00148881,2.87e-05
139,german,3.11e-07,3.11e-07
139,philosopher,8.12e-06,8.12e-06
140,kant,0.00788452,0.00115221
140,need,0.000108456,0.000108456
140,philosophy,9.38e-05,9.38e-05
140,homework,1.64e-06,1.64e-06
140,just,0.00139074,0.00139074
141,lag,2.33e-06,3.96e-05
141,communications,4.07e-05,2.26e-05
141,not,0.395752,0.395752
141,hear,0.00320108,0.00320108
141,news,0.0145632,0.0145632
141,until,0.000135472,0.000135472
141,days,0.000309287,0.000309287
141,later,0.00509719,0.00509719
142,late,0.000441972,0.000722977
142,meeting,0.00140843,0.00140843
143,launch,6.47e-07,1.78e-06
143,astronauts,1.02e-07,1.02e-07
143,like,0.000472291,0.000472291
144,lunch,0.215645,4e-05
144,sandwich,0.000312008,0.000312008
145,math,2.48e-08,0.000395522
145,exam,9.97e-06,1.35e-06
145,school,0.021741,0.021741
146,necks,0.0432973,0.0432973
146,wore,0.000708412,0.000708412
146,scarf,0.00125986,0.00125986
147,next,0.00325542,8.03e-06
147,time,0.0164176,3.83e-05
147,late,0.000271461,0.000271461
147,you'll,0.000160295,0.000160295
147,trouble,0.00846978,0.00846978
148,ohms,6.76e-08,0.00148881
148,used,0.00469769,0.00469769
148,measure,0.00220874,0.00220874
148,electrical,3.85e-05,3.85e-05
148,resistance,0.00511284,0.00511284
149,orifice,2.93e-06,0.000293729
149,mouth,4.91e-05,4.91e-05
150,paste,1.74e-06,0.000282635
150,use,0.00377208,0.00377208
150,glue,9.95e-07,9.95e-07
150,class,0.000285514,0.000285514
150,careful,0.00196188,0.00196188
151,paste,2.13e-07,7.44e-07
151,used,0.0144922,0.0144922
151,put,0.00236119,0.00146579
151,pictures,9.31e-05,9.31e-05
151,notebook,0.000303771,0.000303771
152,pays,0.000317417,1.24e-06
152,company,6.81e-05,6.81e-05
152,employees,0.000427794,0.000525785
152,weeks,0.126323,0.126323
153,perches,2.92e-07,7.81e-06
153,pigeons,3.22e-07,3.22e-07
153,use,0.00526743,0.00526743
153,sunny,8.37e-06,8.37e-06
153,sides,1.55e-05,1.55e-05
153,roofs,1.77e-06,1.77e-06
154,pock,2.91e-08,7.64e-07
154,smallpox,1.48e-07,1.48e-07
154,left,0.000162784,0.000162784
154,marks,0.412343,2.47e-05
155,prison,0.0335217,5.19e-08
155,sent,0.00248967,0.00248967
155,robbing,1.3e-05,2.39e-05
155,bank,0.0874907,0.0874907
156,propane,3.57e-07,7.22e-07
156,burns,1.22e-06,1.22e-06
156,gas,0.101408,4.99e-05
156,stove,2.67e-06,2.67e-06
157,ream,4.1e-07,1.09e-06
157,office,0.000549873,0.000549873
157,uses,8.89e-05,8.89e-05
157,20,0.000297754,0.000297754
157,reams,4.1e-07,1.09e-06
157,paper,0.0972359,0.000284903
157,week,0.130363,0.130363
158,reword,1.16e-08,0.00187449
158,pun,1.19e-05,1.19e-05
159,salivation,3.81e-07,5.39e-06
159,dog's,3.49e-05,3.49e-05
159,carpet,0.000813689,0.000813689
160,screaming,0.000667858,1.43e-05
160,started,0.0021562,0.0021562
160,man,0.00305695,0.00305695
160,pulled,0.000277072,0.000277072
160,out,0.105431,0.105431
160,knife,0.00156581,0.00156581
161,screening,5.38e-06,4.9e-06
161,went,0.00522353,0.00522353
161,movie,4.71e-05,4.71e-05
161,together,9.54e-05,0.000102964
162,source,0.000188512,2.98e-05
162,difficulties,0.000276497,0.000276497
162,not,0.133986,0.133986
162,having,0.000507668,0.000507668
162,enough,0.0159876,0.0159876
162,money,0.104827,0.104827
163,special,0.00274502,1.93e-05
163,birthday,5.5e-05,5.5e-05
163,party,0.165381,0.165381
163,occasion,0.0114213,7.49e-06
164,steeler,1.21e-09,6.48e-09
164,covered,0.000572633,0.000572633
164,steel,3.73e-05,3.73e-05
165,talking,0.000778921,0.00465125
165,friend,0.0057659,0.0057659
165,whole,0.00135329,0.00135329
165,time,0.0126018,0.0126018
166,tamper,1.44e-07,1.93e-05
166,barista,0.00321826,0.00321826
166,used,0.000420778,0.000420778
166,press,0.000504948,0.000440619
166,coffee,0.000155353,0.000155353
167,tell,0.000227951,1.11e-07
167,story,0.319102,0.000422007
167,child,0.00108722,0.00108722
167,night,0.00446808,0.00446808
168,till,2.25e-05,0.000358079
168,farmers,1.8e-06,1.8e-06
168,soil,0.00757821,6.76e-05
168,springtime,1.23e-05,1.23e-05
169,till,1.36e-05,0.00121839
169,organic,1.77e-05,1.77e-05
169,farms,0.00472282,0.00472282
169,like,0.00150706,0.0526563
170,traumatic,0.000446438,0.000803872
170,car,0.00229976,0.00229976
170,accident,0.00138351,0.00138351
170,very,0.0200151,0.0200151
170,experience,0.20891,0.00233242
171,traumatic,4.01e-06,1.11e-08
171,incident,0.00296088,3.03e-05
171,left,0.000252923,0.000252923
171,scarred,1.41e-05,1.41e-05
172,truth,0.133294,1.74e-05
172,speaks,0.000152038,0.000152038
173,twist,1.73e-06,0.00357293
173,pieces,0.00145018,0.00145018
173,thread,8.47e-06,8.47e-06
173,needle,2.45e-05,2.45e-05
174,wicked,4.37e-05,1.66e-05
174,man,0.0356631,8.05e-05
174,took,0.000769646,0.00161563
174,child,0.00139251,0.00139251
174,parents,0.00408232,0.00408232
175,wicker,2.78e-06,3.66e-06
175,chair,2.6e-05,2.6e-05
175,made,0.00286759,0.00286759
176,yams,2.74e-07,3.25e-06
176,people,0.0458858,0.0458858
176,eat,0.000898007,0.000898007
176,turkey,1.13e-06,1.13e-06
177,feet,3.7e-07,0.000851363
177,able,0.0428925,0.0428925
177,being,3.17e-06,3.17e-06
177,fit,0.000627158,0.000627158
177,fourteen,4.5e-07,4.5e-07
177,quite,0.000127876,0.000127876
177,shoes,7.89e-07,7.89e-07
177,size,7.45e-07,7.45e-07
178,knotty,4.33e-08,5.07e-05
178,admonished,5.35e-06,5.35e-06
178,apparently,4.77e-09,4.77e-09
178,father,0.0278831,0.0278831
178,pine,6.88e-05,6.88e-05
178,sapling,3.9e-07,3.9e-07
178,young,0.000544319,0.000544319
179,bee,9.48e-05,1.18e-08
179,angry,0.00289068,0.00289068
179,honey,1.05e-07,1.05e-07
179,steal,0.00244374,0.00244374
179,stung,1.54e-05,1.54e-05
179,tried,0.00337061,0.00337061
180,no's,9.6e-08,9.6e-08
180,answered,0.000190288,0.000190288
180,string,0.000523178,0.000523178
181,wood,7.66e-05,5.7e-05
181,ask,0.00872753,0.00872753
181,ask,0.00079875,0.000574005
181,trees,1.46e-05,1.46e-05
182,prose,3.08e-05,4.43e-07
182,authors,9.09e-06,9.09e-06
182,cons,2.89e-05,0.276318
182,jail,0.000671505,0.000671505
183,pore,4.49e-06,0.00121916
183,bad,0.000209559,0.000209559
183,excuse,9.6e-08,0.00149134
183,say,0.00502904,0.00502904
183,say,0.0518257,0.0518257
183,skin,0.000346181,0.000346181
184,daze,0.000528994,1.12e-05
184,bad,0.000179785,0.000179785
184,learning,0.000149284,4.59e-05
184,news,0.609087,0.609087
185,knead,4.36e-07,0.000150958
185,bakers,4.7e-07,4.7e-07
185,basis,7.95e-05,7.95e-05
185,bread,5.75e-07,5.75e-07
185,know,0.00317724,0.241277
185,recipes,0.000156,0.000156
185,trade,1.89e-06,1.89e-06
186,dam,1.58e-06,5.97e-05
186,beaver,1.58e-05,1.58e-05
186,best,0.0130492,0.0130492
186,ever,0.0132409,0.0132409
186,movie,1.18e-07,1.18e-07
186,movie,1.63e-07,2.7e-07
186,night,0.0361392,0.0361392
186,saw,5.65e-06,5.65e-06
186,seen,0.151568,0.151568
187,dam,0.00642402,6.62e-06
187,beaver,1.55e-07,1.55e-07
187,building,0.000261298,0.000261298
187,logs,2.53e-05,2.53e-05
187,sticks,4.6e-05,4.6e-05
188,reel,3.42e-08,0.000254465
188,believe,0.00168764,0.00168764
188,caught,0.000193707,0.000193707
188,fisherman,3.42e-06,3.42e-06
188,think,0.0207556,0.0207556
189,principle,6.81e-05,6.84e-05
189,believe,1.91e-05,1.91e-05
189,physics,0.000118355,7.07e-05
190,no's,6.24e-08,0.0427093
190,best,2.88e-06,0.42896
190,mother,3.3e-06,3.3e-06
191,prophet,5.1e-08,1.63e-08
191,biblical,1.32e-05,1.32e-05
191,daniel,3.09e-06,3.09e-06
191,dreams,0.000356321,0.000356321
191,interpreting,4.3e-07,4.3e-07
191,known,9.08e-07,9.08e-07
192,pray,4.6e-07,0.522571
192,birds,0.00147652,0.00147652
192,birds,3.07e-05,3.07e-05
192,parish,0.000579344,0.000579344
193,reign,0.000222129,2.02e-05
193,britain,1.79e-05,1.79e-05
193,long,0.0116986,0.0116986
193,place,2.39e-06,2.39e-06
193,queen,0.000533465,0.000533465
193,wet,3.5e-05,3.5e-05
194,flour,3.57e-07,7.27e-07
194,brought,5.6e-07,5.6e-07
194,chef,0.00900026,0.00900026
194,day,0.772638,0.772638
194,girlfriend,0.000869809,0.000869809
194,pastry,1.65e-05,1.65e-05
194,valentine's,2.93e-05,1.2e-05
195,heel,4.19e-05,1.81e-06
195,bruised,3.49e-05,4.87e-05
195,walking,8.78e-05,8.78e-05
196,poll,5.58e-06,1.29e-05
196,candidates,8.5e-05,8.5e-05
196,conducted,1.54e-07,1.54e-07
196,political,2.14e-05,2.14e-05
196,pollsters,2.75e-07,2.75e-07
196,popularity,1.98e-05,1.98e-05
197,waist,1.4e-05,0.00244079
197,belt,2.95e-07,2.95e-07
197,cardboard,2.9e-05,2.9e-05
197,paper,0.000221212,0.00400724
198,brake,1.08e-05,0.00208667
198,careful,0.182404,0.182404
198,fast,0.00159183,0.00159183
198,not,0.143247,0.143247
198,really,8.55e-07,8.55e-07
198,run,0.00106386,0.00106386
199,brake,1.08e-08,0.000209196
199,cars,6.37e-07,6.37e-07
199,slowly,2.12e-07,6.58e-08
200,manor,4.07e-05,0.00439146
200,castle,0.00616594,0.00616594
200,home,0.00139031,0.00139031
200,man's,0.000521151,0.000521151
200,speaking,2.88e-07,0.035517
201,bored,1.34e-05,0.000623643
201,chairman,2.05e-05,2.05e-05
201,executive,5.63e-05,5.63e-05
201,meetings,0.0055089,0.0055089
202,grader,9.87e-09,0.00513445
202,afraid,7.17e-05,7.17e-05
202,cheddar,3.97e-07,3.97e-07
202,cheese,7.27e-06,7.27e-06
202,colby,4.94e-07,4.94e-07
202,jack,5.08e-06,5.08e-06
202,jr,2.64e-08,2.64e-08
202,person,0.000518671,0.000518671
202,school,0.00042049,0.00042049
203,grater,0.00513445,9.87e-09
203,cheese,3.6e-06,3.6e-06
203,cheese,2.12e-05,2.12e-05
203,slices,9.88e-06,1.21e-05
204,cache,1.3e-08,1.3e-08
204,chips,9.38e-05,9.38e-05
204,computer,0.000411391,0.000411391
204,ended,0.00280029,0.00280029
204,online,0.000274406,0.000274406
204,poker,6.32e-07,6.32e-07
204,suddenly,0.000293909,0.000293909
204,tournament,2.56e-07,2.56e-07
205,oar,8.32e-09,0.00144868
205,choose,0.000613834,0.000613834
205,either,0.000590476,0.000590476
205,indecisive,1.51e-06,1.51e-06
205,not,0.00325545,0.00325545
205,rower,5.6e-07,5.6e-07
206,hymn,0.0319114,0.000178525
206,church,0.00028202,0.000257276
206,sang,0.000338593,0.000338593
207,pi,3.71e-07,1.44e-05
207,circumference,1.69e-08,1.69e-08
207,get,0.00223502,0.00223502
207,large,8.63e-05,8.63e-05
208,rain,1.29e-06,6.53e-08
208,city,0.00241838,0.00241838
208,fell,0.0109516,5.61e-07
208,night,0.292739,0.292739
209,marx,9.6e-08,6.18e-07
209,class,1.17e-06,1.17e-06
209,communism,6.21e-05,6.21e-05
209,dropped,0.000253511,0.000253511
209,lousy,1.86e-06,1.86e-06
209,out,0.0336075,0.0336075
210,pail,7.02e-06,6.29e-06
210,clean,0.00473998,0.00473998
210,filled,1.28e-07,1.28e-07
210,floor,0.0186244,0.0186244
210,water,0.000202091,0.00014583
210,worker,2.78e-05,2.78e-05
211,gilt,1.1e-05,1.72e-05
211,complex,6.24e-07,0.426844
211,gold,0.000695513,0.000695513
211,like,0.00210371,0.00210371
211,paint,0.00015256,0.00015256
211,people,1.7e-05,1.7e-05
212,scent,5.42e-06,1.54e-05
212,cost,0.0061447,0.0061447
212,get,0.00598751,0.00338571
212,rid,0.0249333,0.0249333
212,smell,5.54e-05,5.54e-05
213,root,7.19e-05,0.00577511
213,better,0.0462096,0.0462096
213,different,0.0095227,0.0095227
213,farm,0.00317408,0.00317408
213,make,0.0121941,0.0121941
213,take,0.0216307,0.0216307
213,tree,0.000757395,0.000757395
213,want,0.0304622,0.0304622
213,way,0.0416467,0.0416467
214,principal,1.02e-05,0.000815741
214,disliked,1.8e-08,1.8e-08
214,john,1.15e-08,1.15e-08
214,just,0.0140908,0.0140908
214,not,0.020748,0.020748
214,school,6.58e-05,6.58e-05
215,greece,6.92e-05,3.97e-07
215,donuts,3.17e-08,3.17e-08
215,know,0.541176,0.541176
215,made,0.0140678,0.0140678
216,in,0.0528403,7.9e-06
216,close,0.00031756,0.00031756
216,come,3.87e-06,3.87e-06
216,door,0.406474,0.406474
216,room,2.48e-06,7.72e-05
217,roll,1.6e-05,1.62e-05
217,bought,0.000680114,0.000680114
217,dress,6.19e-05,6.19e-05
217,make,0.00970739,0.00970739
217,silk,1.5e-05,2.81e-05
218,prey,0.0524443,9.56e-08
218,eagle's,2.84e-06,2.84e-06
218,easily,0.000824002,0.000824002
218,mouse,8.2e-06,8.2e-06
219,tiers,1.39e-05,0.00185052
219,cake,6.15e-05,6.15e-05
219,emotional,0.00259336,0.00259336
219,even,0.000293954,0.000293954
219,wedding,9.17e-07,9.17e-07
220,thyme,1.5e-07,0.00119477
220,extra,1.71e-05,1.71e-05
220,gardeners,1.2e-07,1.2e-07
220,get,2.69e-06,2.69e-06
220,herb,8.19e-07,8.19e-07
220,work,0.00208931,0.00208931
221,plane,2.94e-07,0.00067388
221,eat,0.000574146,0.000574146
221,expect,0.00958687,0.00958687
221,fancy,1.27e-05,1.27e-05
221,flying,0.000791233,0.000791233
221,food,2.59e-06,0.000370926
221,not,0.175522,0.175522
222,pole,0.000479014,8.52e-05
222,flag,4.89e-05,4.89e-05
222,raised,0.0016232,0.0016232
222,up,0.00240377,0.00240377
223,poll,5.55e-07,0.00167959
223,conduct,0.00048967,0.00048967
223,country,0.000791509,0.000791509
223,decided,0.000173274,0.000173274
223,flag,6.89e-05,6.89e-05
223,new,0.00191463,0.00191463
224,manner,6.83e-05,6.81e-07
224,food,0.000149265,0.000141993
224,party,0.000152745,0.000152745
225,gilt,2.67e-05,9.93e-05
225,covered,0.000143049,0.000143049
225,frame,1.51e-05,1.51e-05
226,sine,6.93e-06,7.62e-05
226,angle,0.00052722,0.00052722
226,function,0.000453014,1.06e-07
226,function,0.00239923,0.00239923
226,mathematics,6.18e-05,6.18e-05
227,razor,2.86e-08,0.00529044
227,budget,0.000195294,0.000195294
227,fund,0.000190895,0.000190895
227,mayor,0.000172545,0.000172545
227,slash,1.97e-07,1.97e-07
227,turned,0.000431619,0.000431619
227,wanted,2.9e-07,2.9e-07
228,marx,0.0768104,0.000367531
228,german,0.000419141,0.000419141
228,karl,2.82e-07,2.82e-07
228,philosopher,0.000373512,0.000373512
229,meat,5.28e-08,0.00394607
229,butcher,0.000115481,0.000115481
229,glad,0.00525048,0.00525048
229,very,0.00387429,0.00387429
230,dye,2.02e-08,0.00346222
230,actress,0.00264633,0.00264633
230,gray,0.00567536,0.00567536
230,hair,0.0637067,0.0637067
230,saw,9.58e-07,9.58e-07
230,strands,1.11e-05,1.11e-05
230,thought,0.00205575,0.00205575
231,c's,9.4e-09,0.01616
231,even,0.000365792,0.000365792
231,hard,0.00612236,0.00612236
231,high,9.56e-05,9.56e-05
231,sing,6.38e-05,6.38e-05
231,soprano,1.52e-05,1.52e-05
232,c's,8.36e-08,0.01616
232,cannot,0.00544906,0.00544906
232,high,0.00332927,0.00332927
232,hit,6.71e-05,6.71e-05
232,make,2.76e-06,2.76e-06
232,novice,1.52e-06,1.52e-06
232,pirates,2.12e-07,2.12e-07
232,singers,1.1e-07,1.1e-07
232,terrible,6.32e-05,6.32e-05
233,principal,0.00110836,0.000878056
233,high,0.000120348,0.000120348
233,local,0.00310533,0.00310533
233,ms,7.05e-05,7.05e-05
233,school,0.210191,0.210191
233,wu,6.48e-09,6.48e-09
234,heir,4.85e-05,7.65e-05
234,human,0.000224432,0.664512
235,collar,7.22e-09,2.48e-07
235,id,9.6e-08,0.0158395
235,man,0.00202683,0.00202683
235,name,0.0155113,0.0155113
235,neck,4.52e-06,4.52e-06
235,put,0.000620472,0.000620472
235,shirt,0.00219247,0.00219247
236,heel,8.65e-09,2.58e-05
236,foot,0.0452936,0.0452936
236,injured,1.9e-05,1.9e-05
236,just,0.00291757,0.00291757
237,cell,4.54e-05,0.000403028
237,biology,4.27e-05,4.27e-05
237,keep,0.00477249,0.00477249
237,know,0.0975056,0.0975056
237,program,0.0071092,0.0071092
237,whether,0.0394558,0.0394558
238,flour,3e-07,4.04e-05
238,baking,6.31e-06,4.88e-06
238,different,0.0019351,0.0019351
238,kinds,0.0160069,0.0160069
238,use,0.00307563,0.00307563
239,watt,2.06e-07,0.0369958
239,bright,0.000302437,0.000302437
239,electrician,1.36e-05,1.36e-05
239,knows,0.00126441,0.00126441
239,spark,0.00171267,0.00171267
239,what's,0.0064478,0.0064478
240,taut,4.04e-08,0.000927329
240,learn,0.00106693,0.00106693
240,rope,5.99e-08,5.99e-08
240,tricks,5.02e-07,5.02e-07
241,meat,7.26e-05,1.33e-06
241,like,0.00138793,0.00138793
241,vegetarians,4.26e-08,4.26e-08
242,espresso,3.46e-06,0.00322565
242,like,0.00051742,0.00051742
242,dinner,0.00220349,0.00220349
243,knead,1.37e-08,2.02e-06
243,bakers,4.7e-07,4.7e-07
243,bread,0.000126703,0.000126703
243,dough,0.00265219,0.00265219
243,flour,1.54e-07,9.4e-08
243,make,0.0954655,0.0954655
243,milk,0.00935743,0.00935743
243,together,0.000371442,0.000371442
244,thyme,3.03e-06,0.000174702
244,chicken,1.38e-05,1.38e-05
244,creamy,3.01e-05,3.01e-05
244,favorite,0.00968672,0.00968672
244,flavored,0.000199283,0.000199283
244,meals,0.000895922,0.000895922
244,sauce,0.00791391,0.00791391
245,board,0.00430607,1.12e-07
245,company's,6.23e-05,6.23e-05
245,directors,0.237144,0.000380406
245,meeting,0.000443727,0.000443727
246,role,0.000470951,0.000737774
246,actors,4.37e-05,4.37e-05
246,great,0.00259491,0.00259491
246,movie,8.27e-05,8.27e-05
247,prophet,4.7e-08,0.00125414
247,atheism,4.42e-07,4.42e-07
247,non,5.71e-05,5.71e-05
247,organization,6.18e-07,3.56e-07
248,dye,3.77e-05,0.0007387
248,hair,0.000336875,0.000336875
248,like,0.0129243,0.0129243
248,not,0.404147,0.404147
248,people,0.0243702,0.0243702
249,manor,1.37e-06,2.15e-07
249,huge,0.00115824,0.00115824
249,live,0.000134249,0.000134249
249,people,0.0130225,0.0130225
249,those,6.46e-06,6.46e-06
249,wealthy,7.46e-06,7.46e-06
250,mimes,1.58e-07,3.31e-05
250,very,0.00423937,0.00367534
250,skilled,0.000106568,0.000106568
250,imitating,4.85e-06,4.85e-06
250,people,0.000249925,0.000249925
251,hymn,1.38e-06,0.0215989
251,perform,0.000491567,0.000491567
251,priest,1.58e-07,1.58e-07
251,song,0.0115617,0.0115617
251,wrote,4.39e-06,4.39e-06
252,break,1.54e-05,1.54e-07
252,leg,0.465875,8.09e-06
252,performance,0.000500816,0.000500816
253,deer,4.64e-08,0.000156094
253,pet,5.94e-05,5.94e-05
253,very,0.000507823,0.000507823
254,role,0.0441699,3.38e-07
254,leading,0.00778873,0.00778873
254,plays,0.000232843,0.000232843
254,show,0.00748198,0.00748198
254,television,0.000675071,0.000675071
255,salvation,6.56e-06,4.64e-07
255,minister,5.68e-05,5.68e-05
255,prayed,4.52e-05,4.52e-05
255,evil,5.67e-05,5.67e-05
255,woman's,2.7e-06,2.7e-06
256,sine,2.68e-05,0.000534506
256,above,0.000473031,0.000265614
256,hoping,0.00357615,0.00357615
256,prayed,9.96e-06,9.96e-06
256,tests,9.08e-07,9.08e-07
256,trigonometry,9.02e-08,9.02e-08
257,hare,1.04e-07,0.00590069
257,got,1.99e-06,1.99e-06
257,mad,0.000165815,0.000165815
257,magician,1.21e-05,1.21e-05
257,out,0.0017878,0.00776689
257,pulled,0.000483548,0.000483548
258,course,1.62e-06,0.000134765
258,class,1.78e-06,1.78e-06
258,just,0.0140908,0.0140908
258,liking,0.00913553,0.00913553
258,rough,6.34e-05,6.34e-05
258,stick,0.000163768,0.000163768
258,tried,0.00314017,0.00314017
259,daze,3.35e-05,0.000528799
259,end,0.000907693,0.000907693
259,having,0.000125695,0.000125695
259,longs,4.85e-08,4.85e-08
259,school,0.00155763,0.00155763
259,teacher,3.51e-05,3.51e-05
259,time,0.0815407,0.0815407
259,tough,0.00234481,0.00234481
260,pale,0.000309683,3.87e-08
260,looks,0.0083218,0.0083218
260,sick,0.00267741,4.3e-05
261,pore,1.27e-06,0.000401019
261,opening,8.85e-05,8.85e-05
261,skin,0.003312,0.003312
261,small,0.0346004,0.0346004
261,surface,0.00557898,0.00557898
261,very,0.00954129,0.00954129
262,inn,1.11e-05,0.052147
262,hotel,0.000977538,0.000977538
262,made,0.000253903,0.000253903
262,sleep,0.00248205,0.00248205
262,stayed,0.00033109,0.00033109
262,sure,0.0251408,0.0251408
263,inn,0.00275255,0.00336609
263,stayed,0.00136834,0.00136834
264,idol,3.98e-08,1e-05
264,celebrity,6.25e-06,6.25e-06
264,looking,0.00143755,0.00143755
264,realized,0.00478738,0.00478738
264,spent,0.000983558,0.000983558
264,time,0.429291,0.429291
264,want,0.149047,0.149047
265,can't,0.00229883,0.00357293
265,remember,0.006975,3.72e-05
265,time,0.0438017,0.0438017
265,happened,0.00136235,0.00136235
266,fare,6.22e-08,0.0141767
266,driver,0.000103957,0.000103957
266,insisted,9.39e-09,9.39e-09
266,toll,1.95e-05,1.95e-05
266,wasn't,0.000224782,0.000224782
267,maid,1.8e-08,0.00150574
267,clean,0.000233185,0.000233185
267,up,0.291375,0.291375
267,want,0.149047,0.149047
268,mourning,1.28e-05,3.61e-05
268,cried,0.000173829,0.000173829
268,up,0.389766,0.389766
268,woke,0.00667645,0.00667645
269,aloud,1.24e-05,0.00427151
269,mime,7.51e-06,7.51e-06
269,not,0.0283726,0.0283726
269,say,0.0226689,0.0226689
269,wanted,6.54e-07,6.54e-07
270,hi,2.42e-07,0.000292843
270,boy,0.000334479,0.000334479
270,instinctively,3.41e-05,3.41e-05
270,natural,0.00137992,0.00137992
270,people,0.000322238,0.000322238
270,waves,5.02e-07,5.02e-07
271,knows,0.00240331,4.89e-08
271,almost,0.000144613,9.08e-07
271,dictionary,6.38e-05,6.38e-05
271,word,0.00511064,0.00511064
272,cell,6.07e-06,3.57e-07
272,biology,1.39e-05,1.39e-05
272,learned,0.00067381,0.00067381
272,works,7.97e-06,0.000215656
273,see,0.0230716,0.00033102
273,able,0.00998838,0.00998838
273,clearly,0.000816105,2.07e-05
273,getting,0.00111267,0.00111267
273,glasses,5.02e-06,5.02e-06
274,ohms,2.61e-06,0.0576145
274,like,0.00051742,0.00051742
274,stay,0.0053027,0.0053027
274,current,9.64e-06,9.64e-06
274,electrifying,5.15e-07,5.15e-07
274,adventures,9.92e-06,9.92e-06
274,sherlock,0.00439061,0.00439061
275,thief,5.6e-05,4.52e-05
275,stole,0.000836827,3.18e-06
275,luggage,0.000260611,0.000260611
275,airport,0.00150353,0.00150353
276,braille,7.1e-08,4.51e-07
276,even,3.67e-05,3.67e-05
276,ashley,0.00274991,0.00274991
276,blind,0.000108825,0.000108825
276,under,0.000278334,0.000278334
276,arrest,0.000540865,0.000540865
276,still,0.00315405,0.00315405
276,hope,8.12e-06,8.12e-06
276,out,0.00285679,0.00285679
277,glittering,1.04e-06,8.93e-07
277,tinker,2.3e-07,2.3e-07
277,bell,1.15e-05,1.15e-05
277,arrested,0.000550856,0.000550856
277,being,0.0171379,0.0171379
277,suspiciously,7.84e-07,7.84e-07
277,high,0.004472,0.004472
277,end,0.00441544,0.00441544
277,only,0.00616306,0.00616306
277,fined,7.67e-06,7.67e-06
278,irrigation,2.02e-07,3.67e-07
278,artificial,3.74e-05,3.74e-05
278,application,3.39e-05,3.39e-05
278,water,0.00112689,0.00112689
278,land,0.000603873,0.000603873
278,soil,5.19e-05,5.19e-05
279,whirled,1.61e-07,0.000622365
279,astronaut,0.000107909,0.000107909
279,gets,5.91e-05,5.91e-05
279,take,0.00200432,0.00200432
279,turn,0.00412682,0.00412682
279,traveler,4.48e-06,5.68e-06
280,seize,2.34e-06,1.96e-06
280,arm,0.0712134,0.00180221
280,run,0.00318966,0.00318966
280,away,0.038537,0.038537
281,habit,0.0105918,2.68e-08
281,smoking,2.17e-06,2.17e-06
281,bad,0.00120735,0.00120735
282,temper,0.0060875,1.3e-07
282,bad,0.00126906,0.00126906
282,easily,0.00192721,0.00192721
282,angered,2.75e-05,2.75e-05
283,libel,6.23e-06,8.3e-05
283,write,0.00176126,0.00176126
283,bad,8.65e-05,8.65e-05
283,things,0.00745375,0.00745375
283,sue,0.000210366,7.3e-05
284,thief,4.38e-07,0.162292
284,robber,9.87e-06,9.87e-06
284,baron,0.0047609,0.0047609
284,commander,7.86e-05,7.86e-05
285,pest,1.23e-06,0.00274276
285,children,0.000706022,0.000706022
285,behavior,5.96e-05,0.0137098
286,auntie,1.91e-07,3.26e-06
286,uncles,0.0038744,0.0038744
286,bet,4.82e-06,4.82e-06
286,get,0.00442361,0.00442361
286,married,0.00434599,0.00434599
286,upped,1.56e-07,1.56e-07
287,raven,7.82e-06,9.94e-06
287,large,0.00552909,0.00552909
287,black,0.00370328,0.00370328
287,bird,0.0010044,0.0010044
288,shave,1.02e-06,2.49e-06
288,boss,0.00207698,0.00207698
288,not,0.29367,0.29367
288,tolerate,0.000149743,0.000149743
288,beards,8.55e-07,8.55e-07
288,mustaches,7.5e-07,7.5e-07
288,real,0.00551477,0.00551477
288,driver,2.24e-05,0.00208037
289,alcohol,1.58e-06,1.92e-07
289,burns,4.24e-06,7.92e-06
289,easily,0.00351256,0.00351256
290,doubling,9.25e-07,2.07e-09
290,amount,0.0047118,0.0047118
290,business,0.00159928,0.00159928
290,makes,0.000143394,0.000143394
290,year,0.034373,0.034373
291,plants,1.66e-05,1.76e-06
291,twin,4.52e-05,4.52e-05
291,girls,0.00397797,0.00397797
291,rented,2.58e-06,2.58e-06
291,flora,3.37e-06,3.37e-06
291,offices,2.86e-05,2.86e-05
291,called,0.0018815,0.0018815
291,business,0.00102969,0.00102969
291,sisterhood,6.56e-08,6.56e-08
291,traveling,3.47e-05,3.47e-05
292,flea,1.49e-07,0.0155354
292,pet,2.35e-05,2.35e-05
292,store,0.000558732,0.000558732
292,buy,7.62e-05,7.62e-05
292,dog,7.73e-05,7.73e-05
292,get,0.00019186,0.00019186
293,spur,0.000309299,3.89e-06
293,boss,5.1e-05,5.1e-05
293,called,0.0025704,0.0025704
293,workers,0.000117092,0.000117092
293,together,0.000621486,0.000621486
293,moment,0.000534063,0.000534063
294,dublin,2.07e-09,9.25e-07
294,irish,1.01e-07,1.01e-07
294,rich,0.000126182,0.000126182
294,capital,0.000421982,0.000421982
295,lot,0.152071,6.39e-07
295,decided,0.000965433,0.000965433
295,leave,0.0170948,0.0170948
295,car,0.038191,0.038191
295,parking,2.3e-05,2.3e-05
296,caesars,5.98e-09,2.9e-05
296,young,0.00380236,0.00380236
296,boy,0.0286134,0.0286134
296,brutus',0.00129238,0.00129238
296,mother,0.000117062,0.000117062
296,cautioned,1.64e-05,1.64e-05
296,not,0.00299536,0.00299536
296,run,0.00180346,0.00180346
297,revolution,0.0924293,3.94e-06
297,industrial,7.36e-05,7.36e-05
297,changed,0.00537734,2.81e-05
297,people,0.00489586,0.00489586
297,worked,0.000197417,0.000197417
297,lived,0.0214798,0.0214798
298,presence,7.19e-05,1.71e-05
298,christmas,3.52e-07,3.52e-07
298,people's,0.0909741,0.0909741
299,grime,0.00073231,6.06e-05
299,city's,7.17e-05,7.17e-05
299,buildings,4.94e-05,4.94e-05
299,covered,0.000773808,0.000773808
300,aiken,0.020265,3.76e-06
300,clay,9.57e-07,9.57e-07
300,rose,0.000165467,5.84e-05
300,fame,0.00630487,0.00630487
300,won,0.00357195,0.00357195
300,american,3.14e-08,3.14e-08
300,idol,4.85e-06,4.85e-06
301,espresso,1.01e-08,0.00313465
301,why,4.92e-05,4.92e-05
301,italians,0.000856363,0.000856363
301,good,0.00182077,0.00182077
301,making,0.0143694,0.0143694
301,coffee,0.000715229,0.000715229
301,really,0.00116201,0.00116201
301,know,0.00942343,0.00942343
302,offer,0.000262133,4.45e-06
302,very,0.00911394,0.00911394
302,considerate,8.18e-05,8.18e-05
302,give,0.00862041,0.00316947
302,ride,0.000674912,0.000674912
303,irrigation,1.45e-06,0.000660083
303,neighbor's,0.000108712,0.000108712
303,sprinkler,1.87e-06,1.87e-06
303,constant,0.00241929,0.00241929
304,liable,0.000405071,9.81e-07
304,rental,3e-07,3e-07
304,contracts,3.21e-05,3.21e-05
304,state,0.0001239,0.0001239
304,tenants,2.28e-05,2.28e-05
304,damages,0.0100272,0.000174585
304,cause,0.000428741,0.000428741
304,property,0.000422636,0.000422636
305,incisor,2.53e-06,0.00136886
305,dentist,5e-05,5e-05
305,convicted,0.00190589,0.00190589
305,trading,2.45e-05,0.164959
306,source,3.44e-05,0.364048
306,crop,0.00022366,0.00022366
306,destroyed,0.000442173,0.000442173
306,cranberry,5.36e-08,5.36e-08
307,mimes,3.44e-07,0.000148943
307,quietest,5.09e-06,5.09e-06
307,burglars,3.37e-06,3.37e-06
307,history,0.00152986,0.00152986
307,new,0.000390851,0.000390851
307,york,2.27e-06,2.27e-06
307,city,7.52e-05,7.52e-05
307,newspapers,7.74e-05,7.74e-05
307,called,0.00377275,0.00377275
307,criminal,2.54e-06,2.54e-06
308,ream,1.96e-07,8.84e-05
308,brand,1.7e-05,1.7e-05
308,name,0.199439,0.199439
308,highest,0.000635923,0.000635923
308,quality,0.032356,0.032356
308,copy,7e-05,7e-05
308,paper,0.00233806,0.00233806
308,money,0.00317606,0.00317606
308,buy,0.15388,0.15388
308,crop,7.23e-05,7.23e-05
309,scissors,0.000107371,1.93e-08
309,hairdressers,1.24e-07,1.24e-07
309,use,0.000122474,0.000122474
309,cut,0.229289,0.00105482
309,people's,0.00033158,0.00033158
309,hair,0.000608174,0.000608174
310,order,0.0192735,3.22e-06
310,arranged,9.88e-05,9.88e-05
310,newspapers,6.32e-05,6.32e-05
310,dates,4.79e-05,4.79e-05
311,crank,1.14e-06,0.000239345
311,people,0.0458858,0.0458858
311,get,0.0219218,0.0219218
311,up,0.0191973,0.0191973
311,work,0.00880903,0.00880903
311,dawn,3.82e-05,0.245687
312,purchase,0.000648637,2.75e-08
312,decided,0.0013118,0.0013118
312,new,0.0615639,0.00320794
312,car,0.00621845,0.00621845
313,sperm,1.85e-05,1.56e-06
313,decided,0.000965433,0.000965433
313,donate,0.000904627,0.000904627
314,fillings,4.56e-06,1.51e-05
314,dentist,0.000118969,0.000118969
314,replaced,1.09e-05,1.09e-05
314,lost,0.00291441,0.00291441
315,orifice,8.26e-07,0.00143566
315,dentists,2.32e-07,2.32e-07
315,like,0.0142077,0.0142077
315,hard,0.000703352,0.000703352
315,day,0.0281796,0.0281796
316,magnet,1.2e-05,1.58e-06
316,desk,0.012446,0.012446
316,holds,0.000164231,0.000164231
316,paper,8.52e-05,8.52e-05
316,clips,0.000987896,0.000987896
317,flea,1.56e-06,1.66e-07
317,dog,0.000370699,0.000370699
317,fleas,1.56e-06,1.66e-07
318,sillier,1.34e-07,3.1e-07
318,drinks,0.000112161,0.000112161
318,wine,0.000503828,0.000503828
318,starts,0.000339149,0.000339149
318,acting,6.37e-05,6.37e-05
319,lion,3.25e-05,0.211981
319,circus,2.82e-05,2.82e-05
319,truck,6.36e-06,6.36e-06
319,driver,0.0283825,0.0283825
319,refused,0.000654927,0.000654927
319,tow,7.02e-06,7.02e-06
320,sauce,0.00683054,2.53e-05
320,love,3.38e-05,3.38e-05
320,eat,0.00497008,0.00497008
320,chocolate,0.00060975,0.00060975
320,vanilla,2.66e-07,2.78e-07
320,ice,0.0708466,0.0708466
320,cream,0.833078,0.833078
321,caesars,0.00463529,0.00463529
321,owner,9.7e-05,9.7e-05
321,behaves,4.78e-07,4.78e-07
321,like,0.124745,0.124745
321,employees,0.00017719,0.00017719
322,bonus,0.000113105,2.9e-06
322,company,0.000675058,0.000675058
322,pays,0.000357126,0.000357126
322,end,0.0648069,0.0648069
322,year,0.00412574,0.00412574
323,hosta,1.02e-08,0.000346739
323,garden,0.000296225,0.000296225
323,club,7.52e-05,7.52e-05
323,visited,1.42e-05,1.42e-05
323,nursery,3.75e-05,3.75e-05
323,found,0.000716748,0.000716748
323,environment,6.7e-05,0.0781967
324,tooth,0.000140615,5.4e-05
324,dentist,2.27e-05,2.27e-05
324,examines,4.04e-06,4.04e-06
324,time,0.122765,0.122765
325,epoch,3.15e-07,1.2e-08
325,grandparents,3e-07,3e-07
325,faces,3.42e-05,3.42e-05
325,full,0.000885939,0.000885939
325,marks,2.47e-05,0.412343
326,hobbit,8.04e-08,1.91e-05
326,favorite,0.00122544,0.00122544
326,creatures,1.42e-05,1.42e-05
326,lord,8.15e-07,8.15e-07
326,rings,2.35e-05,2.35e-05
327,altitude,0.0102813,0.000250491
327,airplane,2.4e-06,2.4e-06
327,flying,0.00010679,0.00010679
327,35000,8.32e-05,4.7e-05
327,feet,9.62e-05,9.62e-05
328,grammatic,6.96e-08,0.00164569
328,english,1.67e-06,1.67e-06
328,teacher,3.34e-05,3.34e-05
328,felt,0.00170659,0.00170659
328,odd,0.000192326,0.000192326
328,being,0.0166328,0.0166328
328,fired,0.000214276,0.000214276
328,post,8.07e-07,8.07e-07
328,stress,4.62e-05,0.667041
328,disorder,0.000400378,0.332441
329,littering,1.09e-07,4.16e-07
329,caught,0.000938337,0.000938337
329,pay,0.0155524,0.0155524
329,fine,0.0189398,0.0189398
330,odor,2.13e-05,0.000236082
330,old,0.000570388,0.000283908
330,fish,0.000221759,0.000221759
330,filled,1.47e-05,1.47e-05
330,air,0.0970052,0.0970052
331,fuchsia,1.86e-07,0.000758056
331,favorite,0.000627636,0.000627636
331,flower,0.00450826,0.00450826
332,bloom,1.67e-05,0.000182938
332,flower,0.000136395,0.000136395
332,show,0.019026,0.019026
332,prize,0.00137241,0.00137241
332,ribbon,2.43e-06,0.00493645
333,scents,3.79e-05,3.79e-05
333,flowers,0.0301875,0.0301875
333,relaxes,1.89e-07,1.89e-07
334,world,0.0901827,2.6e-07
334,possible,0.0269995,0.0269995
334,fly,0.000794027,0.000794027
334,airplane,0.00224303,0.00224303
335,hair,1.23e-05,1.92e-06
335,found,4.77e-05,4.77e-05
335,cat,0.00014019,0.00014019
335,food,0.000109258,0.000109258
336,reward,7.76e-05,5.31e-09
336,gave,0.00259354,0.00259354
336,working,0.000262852,0.000575961
336,hard,0.00163389,0.00163389
336,year,0.00139812,0.00139812
337,presence,0.000208248,1.93e-05
337,general,0.000705447,0.000705447
337,great,0.000464689,0.000464689
338,seize,8.01e-07,0.0124681
338,get,0.016255,0.016255
339,bones,7.76e-05,5.29e-06
339,give,0.000236867,3.84e-05
339,shape,7.91e-05,7.91e-05
340,crack,5.03e-05,6.58e-06
340,drinking,1.86e-05,1.86e-05
340,glass,0.000726992,0.000726992
341,house,2.06e-05,1.09e-05
341,real,0.000104851,0.000104851
341,estate,0.00329224,0.00329224
341,agent,0.0285993,0.0285993
341,said,0.00739838,0.00739838
341,going,0.000228197,0.401898
342,altitude,4.8e-07,9.25e-05
342,become,0.0013499,0.0013499
342,pilot,0.000256775,0.000256775
342,requires,1.7e-05,1.7e-05
342,good,0.0112082,0.0112082
343,sense,0.00217715,3.6e-07
343,good,0.0164287,0.0164287
343,business,0.000472236,0.000855749
344,spatial,1.31e-05,2.43e-05
344,good,0.000960829,0.000960829
344,skills,0.00296089,0.00280887
344,knows,0.00202837,0.00202837
344,build,0.00334416,0.00334416
344,house,0.0179521,0.0179521
344,plans,3.99e-05,3.99e-05
344,paper,0.0182756,0.0182756
345,destruction,0.000251562,3.81e-06
345,hurricane,1.52e-05,1.52e-05
345,causes,2.19e-05,2.19e-05
345,great,0.00303127,0.00303127
345,buildings,3.76e-05,3.58e-05
345,trees,0.00141412,0.00141412
346,minds,0.000510819,1.23e-05
346,great,9.6e-06,9.6e-06
346,think,0.000635664,5.46e-05
346,alike,0.664673,0.0006004
347,cilia,3.54e-08,1.54e-08
347,hairlike,0.00538791,0.00538791
347,projections,1.79e-05,1.79e-05
347,surface,0.00341053,0.00341053
347,cells,9.68e-05,9.68e-05
348,bonus,7.13e-06,8.96e-05
348,labored,1.99e-05,1.99e-05
348,hard,0.00275891,0.00275891
348,worked,0.000743532,0.000743532
348,fingers,0.000418514,0.000418514
349,aiken,0.00770689,1.43e-06
349,heart,0.0107335,0.0107335
349,starts,0.000196909,0.000196909
349,clay,7.39e-06,7.39e-06
349,sings,4.06e-06,4.06e-06
350,stealer,2.76e-09,5.18e-10
350,hearts,2e-05,2e-05
351,screaming,2.55e-06,0.000419497
351,like,0.00051742,0.00051742
351,latest,0.000295892,0.000295892
351,horror,0.000129657,0.000129657
351,movie,0.00946177,0.00946177
351,i've,2.2e-07,2.2e-07
351,arranged,4.59e-05,4.59e-05
351,private,0.000404432,0.000404432
352,garden,0.175925,2.7e-06
352,small,0.0040767,0.0040767
352,flower,0.000216583,0.000216583
352,house,0.0190513,0.0190513
353,plants,2.53e-05,5.3e-06
353,humans,6.46e-07,6.46e-07
353,animals,0.103504,0.103504
353,not,0.102785,0.102785
353,live,0.00310434,0.00310434
354,propane,4.77e-08,3.76e-07
354,inflammatory,3.36e-07,3.36e-07
354,talk,3.26e-05,3.26e-05
354,seen,0.0144932,0.0144932
354,language,7.13e-05,0.00365472
355,magnate,1.28e-06,9.19e-07
355,coal,2.39e-05,2.39e-05
355,iron,0.0707858,0.0707858
355,australia,7.61e-09,1.32e-08
356,revolution,1.36e-05,0.0387254
356,satellite,2.19e-05,2.19e-05
356,went,0.000118547,0.000118547
356,orbit,0.000820135,0.000820135
356,january,8.5e-08,8.5e-08
356,1st,1.12e-05,1.12e-05
356,causing,1.66e-05,1.66e-05
356,new,0.0023203,0.0023203
356,year's,6.61e-05,6.61e-05
357,hobbit,1.46e-08,0.00974639
357,keep,3.02e-05,3.02e-05
357,reading,0.000565856,0.000565856
357,the,0.0283555,0.0283555
357,lord,3.55e-05,3.55e-05
357,rings,2.35e-05,2.35e-05
357,guess,0.00735817,0.00735817
357,just,0.0124207,0.0124207
357,force,2.39e-05,2.39e-05
358,fillings,8.53e-08,9.17e-05
358,kind,0.000280833,0.000280833
358,dentist,0.000201085,0.000201085
359,chief,0.00092703,6.15e-05
359,leader,0.000170359,0.000170359
359,native,0.000205984,0.000205984
359,american,1.41e-07,1.41e-07
359,tribe,1.4e-05,1.4e-05
359,known,0.00185491,0.00185491
360,pants,0.00187362,0.000140375
360,legs,0.00148483,0.00148483
360,cold,0.00016475,0.00016475
360,put,0.00444328,0.00444328
360,pair,0.00169493,0.00169493
361,holmes,0.0576145,2.61e-06
361,really,0.000109189,0.000109189
361,like,0.00447266,0.00447266
361,reading,0.000147353,0.000147353
361,sherlock,0.006755,0.006755
361,books,0.000143557,5.03e-05
362,decade,0.000150482,4.1e-06
362,pretty,0.00131429,0.00131429
362,long,0.00266749,0.00266749
362,time,0.110423,0.110423
363,necks,0.000156364,0.00246009
363,vampires,5.95e-08,5.95e-08
363,looking,0.013436,0.013436
363,victim,4.5e-06,0.000413612
364,tamper,1.59e-07,0.161604
364,barista,0.00340529,0.00340529
364,not,0.021206,0.021206
364,allowed,0.00266571,0.00266571
364,make,0.0147865,0.0147865
364,espresso,2.64e-08,2.64e-08
364,lose,0.00232544,0.00232544
365,spatial,2.92e-06,0.000569495
365,aliens,2.5e-07,2.5e-07
365,lovable,3.98e-06,3.98e-06
366,tryst,2.02e-07,2.73e-06
366,lovers,1.24e-05,1.24e-05
366,go,0.000290747,0.000290747
366,away,0.0102715,0.0102715
366,country,0.00112234,0.00112234
366,weekend,4.42e-05,4.42e-05
367,raving,9.94e-06,7.82e-06
367,mad,0.046233,9.45e-06
367,man,0.000838751,0.00194382
367,frightened,1.88e-05,1.88e-05
367,those,6.59e-05,6.59e-05
368,author,0.00199054,0.010205
368,made,0.00499731,0.00499731
368,mario,0.0017528,0.0017528
368,puzo's,0.0576145,0.0576145
368,books,0.000143557,0.000143557
368,required,6.39e-05,6.39e-05
368,reading,0.000814981,0.000814981
368,class,0.000105792,0.000105792
368,made,0.00541893,0.00541893
368,refuse,0.00312708,0.00312708
369,heir,0.000247423,3.76e-06
369,man,0.00439232,0.00439232
369,used,0.00107986,0.00107986
369,money,7.36e-05,7.36e-05
369,inherited,0.00114214,0.00114214
369,late,0.000102507,0.000102507
369,father,0.0596654,0.0596654
369,put,0.000412531,0.000412531
369,addition,0.000109647,0.000109647
369,house,0.000857988,0.000857988
369,extension,3.65e-06,0.000176939
370,reword,2.86e-08,1.28e-06
370,mayor,3.03e-05,3.03e-05
370,speech,0.000674885,0.000674885
370,advisors,8e-06,8e-06
370,told,9.75e-05,9.75e-05
371,fridge,0.000524684,4.47e-05
371,put,0.000186341,0.000186341
371,milk,0.00170517,0.00170517
371,meat,0.0438277,0.0438277
372,latte,0.00254467,0.000112278
372,like,0.00051742,0.00051742
372,morning,0.00713854,0.00713854
372,wake,0.000110945,0.000110945
372,up,0.423506,0.423506
373,shave,0.000583016,5.06e-05
373,beard,2.15e-05,2.15e-05
373,growing,0.000639156,0.000639156
373,long,0.00816243,0.00816243
373,need,0.0229583,0.0229583
374,fuchsia,1.28e-07,0.0017513
374,new,2.44e-05,2.44e-05
374,years,0.000103574,0.000103574
374,resolution,6.7e-06,6.7e-06
374,bankrupt,3.52e-06,3.52e-06
374,gardener,2.7e-06,2.7e-06
374,forget,0.000360568,0.000360568
374,past,0.0118078,0.0118078
374,rely,1.73e-05,1.73e-05
375,tryst,1.07e-07,0.000232038
375,novel,0.000288953,0.000288953
375,unexpected,0.000580858,0.000580858
375,secret,1.97e-05,1.97e-05
375,meeting,0.000993658,0.000993658
375,lovers,9.77e-06,9.77e-06
375,plot,0.000262666,0.000262666
376,clothing,3.22e-05,0.355764
376,men's,1.5e-05,1.5e-05
376,wear,0.000220822,0.000220822
376,store,0.00012587,0.00012587
376,opening,4.96e-06,4.96e-06
376,times,1.45e-05,0.00744207
377,lion,2.68e-05,6.87e-06
377,owner,9.7e-05,9.7e-05
377,takes,9.49e-05,9.49e-05
377,share,0.754538,8.01e-05
377,profits,0.00848582,0.00848582
377,company,0.00131253,0.00131253
378,leafing,1.13e-07,6.74e-05
378,saw,0.00154594,0.00154594
378,pages,0.00272038,0.00272038
378,old,0.0202364,0.0202364
378,book,0.00219445,0.00219445
379,ambiance,5.32e-08,0.000524477
379,paramedic,5.8e-06,5.8e-06
379,got,0.000168127,0.000168127
379,new,0.0130291,0.0130291
379,job,0.00523224,0.00523224
379,chauffeur,4.99e-05,4.99e-05
379,driver,3.28e-05,0.03168
380,salivation,9.66e-08,6.53e-06
380,bell,5.71e-07,5.71e-07
380,bark,3.6e-06,3.6e-06
380,kennel,5.75e-07,5.75e-07
380,novel,0.000451063,0.000451063
380,ivan,3.35e-09,3.35e-09
380,pavlov,0.0430161,0.0430161
380,chronicles,6.43e-07,6.43e-07
380,birth,0.000129394,0.000129394
380,army,4.17e-05,4.3e-06
381,raven,3.76e-06,2.96e-05
381,people,0.0895409,0.0895409
381,think,0.00534721,0.00534721
381,edgar,0.00125842,0.00125842
381,allan,0.0576145,0.0576145
381,poe,0.0576145,0.0576145
381,madman,6.35e-07,7.69e-07
382,alp,3.81e-09,0.00273021
382,people,4.75e-05,4.75e-05
382,switzerland,0.00101516,0.00101516
382,learn,0.000706582,0.000706582
382,ski,0.00342662,0.00342662
382,lot,0.00675467,0.00675467
383,mass,0.000193701,5.35e-08
383,people,0.0217005,0.00114552
383,town,0.00241342,0.00241342
383,square,0.0037424,0.0037424
383,concert,0.000125549,0.000125549
384,scents,1.92e-06,0.117986
384,women,1.05e-05,1.05e-05
384,wear,0.00110806,0.00110806
384,20000,0.0121019,0.0121019
384,perfume,1.53e-05,1.53e-05
384,obviously,2.61e-05,2.61e-05
384,known,0.0023602,0.0023602
384,common,0.00125101,0.00125101
385,launch,3.93e-05,1.67e-06
385,space,0.000188177,0.000188177
385,took,0.00152249,9.76e-05
385,place,0.325736,0.066037
385,morning,0.0313325,0.0313325
386,leg,1.55e-05,0.024239
386,planes,6.83e-06,6.83e-06
386,cramped,4.4e-05,4.4e-05
386,passengers,4.48e-05,4.48e-05
386,suffer,7.36e-06,7.36e-06
386,jet,8.25e-06,8.25e-06
387,leafing,4.17e-08,0.000523105
387,john,6.39e-07,6.39e-07
387,plans,0.000112502,0.000112502
387,retire,0.00319328,0.00319328
387,spring,0.00124322,0.00124322
387,like,0.0124801,0.0124801
387,trees,0.000232797,0.000232797
388,wicker,8.97e-06,8.18e-05
388,getting,0.00070527,0.00070527
388,pranked,0.00803361,0.00803361
388,friends,0.00647206,0.00647206
388,getting,0.000115448,0.000115448
388,hit,0.000384009,0.000384009
388,basket,0.000285154,0.000285154
388,aron,0.00247468,0.00247468
388,knew,0.000160494,0.000160494
388,sense,3.54e-05,0.0290488
388,humor,0.0613029,0.0613029
389,heir,3.25e-05,1.01e-05
389,prince,3.93e-07,3.93e-07
389,william,8.23e-08,8.23e-08
389,british,8.59e-07,8.59e-07
389,throne,6.28e-06,6.28e-06
390,line,0.000556492,3.04e-05
390,notebook,0.000120355,0.000120355
390,thin,5.1e-06,5.1e-06
390,blue,0.00138682,0.00138682
390,lines,0.000556492,3.04e-05
390,printed,7.63e-06,1.88e-05
390,page,0.00698402,0.00698402
391,free,0.000503773,8.26e-06
391,twenty,0.000563435,0.000563435
391,years,0.396065,0.396065
391,prison,0.0703633,0.0703633
391,man,0.0144407,6.73e-05
392,alkaline,4.11e-05,6.03e-05
392,battery,2.83e-06,2.83e-06
392,problem,5.02e-05,0.192777
392,went,0.00737786,0.00737786
392,aa,3.11e-08,3.11e-08
392,meetings,4.79e-05,4.79e-05
393,resolution,7.68e-05,3.57e-05
393,admired,0.000159517,0.000159517
393,quit,0.000111931,0.000111931
393,smoking,0.00419294,0.00419294
394,epoch,0.000115665,1.58e-08
394,end,0.00237471,0.00237471
394,nuclear,0.000235812,0.000235812
394,arms,0.00752122,0.00752122
394,race,0.111217,0.111217
394,began,0.000179653,0.000179653
394,new,0.0407329,0.0407329
394,peace,0.000266122,0.000329587
394,cooperation,0.00204636,0.00204636
395,incisor,8.89e-07,2.4e-06
395,rats,7.56e-07,7.56e-07
395,tore,5.12e-06,5.12e-06
395,meat,0.000138038,0.000138038
395,strong,0.000783156,0.000783156
396,pest,2.55e-06,1.99e-08
396,rats,7.56e-07,7.56e-07
396,mice,0.054318,0.054318
396,flies,1.35e-05,1.35e-05
396,regarded,0.000754665,0.000754665
396,pests,2.55e-06,1.99e-08
397,prism,4.15e-08,7.4e-07
397,used,0.0537419,0.0537419
397,reflect,0.000171823,0.000171823
397,split,5.9e-05,5.9e-05
397,light,1.93e-05,1.93e-05
398,decay,0.0289135,5.33e-06
398,tooth,3.57e-07,3.57e-07
398,result,0.00256388,0.00256388
398,poor,0.00155063,0.00155063
398,dental,3.21e-05,3.21e-05
398,hygiene,0.00968421,0.00968421
399,cilia,1.55e-07,6.71e-08
399,handlebar,1.16e-06,1.16e-06
399,mustache,0.831402,0.831402
399,look,0.00319111,0.00319111
399,ridiculous,0.000685713,0.000685713
399,symmetrical,1.38e-07,1.38e-07
399,eyelashes,2.23e-06,2.23e-06
399,even,0.00095727,0.00095727
400,dramatic,9.06e-06,0.00164569
400,actor,3.66e-05,3.66e-05
400,quite,0.0161509,0.0161509
400,right,0.00228158,0.00228158
400,retired,0.00333981,0.00333981
400,post,8.21e-07,8.21e-07
400,stress,2.72e-05,0.667041
400,disorder,0.000400378,0.332441
401,lambs,0.0497324,0.0497324
401,family,0.00142383,0.00142383
401,roast,1.97e-05,1.97e-05
401,leg,0.0060024,0.0060024
401,dinner,0.00047021,0.00047021
402,leg,0.00154569,2.1e-06
402,runners,6.1e-07,6.1e-07
402,need,0.0028842,0.0028842
402,strong,0.000567364,0.000567364
403,garden,1.11e-05,1.49e-06
403,scarecrows,2.14e-08,2.14e-08
403,patch,0.000109671,9.12e-05
404,bean,3.32e-06,0.14607
404,selling,4.09e-06,4.09e-06
404,coffee,0.000413523,0.000413523
404,perks,3.73e-06,3.73e-06
404,those,0.00407938,0.00407938
404,lucky,0.000518295,0.00805267
405,sperm,7.27e-06,2.09e-05
405,even,3.67e-05,3.67e-05
405,contributes,6.2e-06,6.2e-06
405,either,8.01e-05,8.01e-05
405,x,2.09e-05,2.09e-05
405,y,0.221515,0.221515
405,chromosome,2.63e-06,2.63e-06
405,father,0.000640227,0.000640227
405,chooses,1.22e-06,1.22e-06
405,sex,7.33e-05,7.33e-05
405,child,0.000438705,0.000438705
405,just,0.0136544,0.0136544
405,moment,0.000534063,0.000534063
405,decision,4.01e-06,4.01e-06
406,irritation,0.0068983,9.36e-07
406,tried,0.00093585,0.00093585
406,hide,0.00599241,0.00599241
406,showed,0.000518198,0.000389153
406,face,0.0548992,0.0548992
407,odor,2.16e-06,0.00389359
407,sign,3.82e-06,3.82e-06
407,broken,0.000265132,0.000265132
407,perfume,1.92e-06,1.92e-06
407,bottle,0.00403508,0.00403508
407,out,0.000285262,0.000285262
408,office,0.000628726,3.4e-07
408,skyscraper,2.02e-06,2.02e-06
409,whirled,0.000451717,7.69e-05
409,dancers,5.05e-07,5.05e-07
409,stage,0.00138309,0.00138309
410,prism,6.15e-08,2.74e-05
410,optical,1.53e-05,1.53e-05
410,scientist,5.17e-06,5.17e-06
410,stole,0.000424978,0.000424978
410,colleague's,5e-05,5e-05
410,bifocals,3.16e-07,3.16e-07
410,sentenced,0.000385112,0.000385112
410,three,0.0466413,0.0466413
410,years,0.132716,0.132716
410,state,0.00678829,0.00678829
411,perches,2.19e-07,3.95e-05
411,pet,5.4e-05,5.4e-05
411,store,0.000558732,0.000558732
411,bird,6.08e-05,6.08e-05
411,contest,4.43e-06,4.43e-06
411,necessary,3.2e-05,0.000356732
412,feelings,0.000434679,2.94e-06
412,strong,0.000212312,0.000212312
412,criticism,0.00270307,0.00270307
412,hurt,5.72e-05,5.72e-05
412,daughter's,0.000290061,0.000290061
413,magnate,1.8e-06,7.41e-05
413,people,0.0895409,0.0895409
413,strongly,0.000324916,0.000324916
413,attracted,0.0117171,0.0117171
414,best,0.0163309,3.03e-06
414,student,0.000191507,1.96e-05
414,class,0.000510195,0.000510195
415,libel,3.57e-07,7.22e-07
415,tabloid,1.39e-05,1.39e-05
415,newspaper,0.00814531,0.00814531
415,movie,0.000130106,0.000130106
415,star,0.0959715,0.0959715
416,tooth,8.22e-06,0.00633237
416,dentist,2.27e-05,2.27e-05
416,tell,0.00258572,0.00258572
416,patient,0.000173539,0.000173539
416,whole,0.00147051,0.00147051
417,watt,1.42e-07,0.930144
417,sign,3.82e-06,3.82e-06
417,please,9.83e-05,9.83e-05
417,turn,0.00153109,0.00153109
417,out,0.0189194,0.0189194
417,lights,0.00210965,0.00210965
417,thanks,1.01e-08,1.01e-08
418,stealer,1.49e-09,2.8e-10
418,thief,5.6e-05,5.6e-05
418,stole,0.0641827,0.0641827
418,cutlery,9.3e-07,9.3e-07
418,leaving,0.00178747,0.00178747
418,clue,9.02e-05,9.02e-05
418,called,0.00180818,0.00180818
418,stainless,4.62e-06,4.62e-06
419,latte,0.00390153,0.00333838
419,spend,0.000690856,0.000690856
419,time,0.023436,0.023436
419,coffee,0.000118945,0.000118945
419,shop,0.0493358,0.0493358
419,you'll,6.78e-06,6.78e-06
419,work,0.00111282,0.073073
420,yams,1.02e-07,1.48e-05
420,just,0.000159739,0.000159739
420,time,0.212782,0.212782
420,thanksgiving,6.95e-08,6.95e-08
420,blockbuster,9.1e-06,9.1e-06
420,movie,0.0026432,0.0026432
420,sweet,5.32e-06,5.32e-06
420,potatoes,0.00676358,0.00676358
420,called,0.000356792,0.000356792
420,the,0.152051,0.152051
420,silence,7.33e-05,7.33e-05
421,alkaline,6.93e-05,0.000101685
421,tried,0.00093585,0.00093585
421,out,0.0014089,0.0014089
421,diet,0.000886373,8.22e-06
421,maintain,0.00101513,0.00101513
421,body's,5.31e-05,5.31e-05
421,ideal,1.49e-05,1.49e-05
421,ph,5.81e-07,5.81e-07
421,balance,4.41e-05,4.41e-05
422,watt,1.98e-09,0.00473116
422,desk,0.000378625,0.000378625
422,lamp,0.00334936,0.00334936
422,uses,1.95e-05,1.95e-05
422,60-watt,1.98e-09,0.00473116
422,light,0.000122149,0.000163602
422,bulb,0.00480553,0.00480553
423,profane,6.46e-07,3.19e-07
423,man,0.00027236,0.00027236
423,uses,6.08e-05,6.08e-05
423,language,0.00365472,7.13e-05
424,digestion,1.34e-06,0.0806698
424,villain,3.16e-05,3.16e-05
424,call,2.35e-05,2.35e-05
424,silverware,2.9e-07,2.9e-07
424,weapons,1.02e-06,1.02e-06
424,mass,0.349239,0.349239
425,presents,0.014896,4.01e-05
425,wait,0.00809577,0.00809577
425,open,0.000254803,0.000254803
425,christmas,1.17e-06,1.17e-06
426,fridge,1.55e-05,0.00351763
426,plumber,7.88e-06,7.88e-06
426,explained,3.57e-05,3.57e-05
426,problem,0.00217942,0.00217942
426,kitchen,0.0014998,0.0014998
426,just,0.00205392,0.00205392
426,water,5.01e-05,5.01e-05
426,under,0.00155868,0.00155868
427,math,7.33e-08,0.000179789
427,rubber,0.000242318,0.000242318
427,band,0.102191,0.102191
427,pistol,1.14e-06,1.14e-06
427,confiscated,4.57e-05,4.57e-05
427,algebra,7.27e-07,7.27e-07
427,class,5.69e-05,5.69e-05
427,weapon,6.59e-05,6.59e-05
427,disruption,9.43e-06,2.1e-06
428,leaving,0.000654925,1.74e-07
428,work,0.000861739,0.000135757
428,right,0.000471955,0.000636208
429,slave,6.3e-05,4.28e-06
429,boss,5.1e-05,5.1e-05
429,told,0.000933835,0.000933835
429,work,0.00600141,0.00600141
429,late,0.000508828,0.000508828
429,holiday,0.0010442,0.0010442
429,driver,0.00572753,9.86e-06
430,dramatic,1.44e-06,3.63e-07
430,written,0.00652999,0.00652999
430,works,0.00121481,8.9e-05
430,stage,0.000249518,0.000249518
431,tolkien,0.0150905,0.00136054
431,night,0.276901,0.276901
431,kept,1.09e-05,1.09e-05
431,dreaming,4.3e-05,4.3e-05
431,written,0.00212419,0.00212419
431,lord,7.45e-07,7.45e-07
431,rings,2.35e-05,2.35e-05
431,wife,0.000173017,0.000173017
431,said,0.00139775,0.00139775
431,i'd,1.89e-09,1.89e-09
431,sleep,0.00128327,0.00128327
432,tolkien,0.00148881,1.25e-05
432,wrote,0.000144489,7.04e-06
432,lord,3.22e-06,3.22e-06
432,rings,2.35e-05,2.35e-05
433,decade,5.33e-06,0.0289135
433,ten,2.16e-05,2.16e-05
433,years,0.0653531,0.0653531
433,brushing,6.88e-06,6.88e-06
433,causes,2.55e-05,2.55e-05
433,horrible,4.9e-06,4.9e-06
433,tooth,5.91e-06,5.91e-06
434,blue,6.06e-06,3.34e-07
434,yellow,0.0618118,8.35e-05
434,make,0.00012154,0.00012154
434,green,4.56e-05,4.56e-05
